Default,age,card_age,cashAmt_mean,cashAmt_non_null_months,cashCnt_mean,cashCnt_non_null_months,cashTotalAmt,cashTotalCnt,inCourt,isBlackList,isCrime,isDue,monthCardLargeAmt,noTransWeekPre,onlineTransAmt,onlineTransCnt,publicPayAmt,publicPayCnt,transAmt_mean,transAmt_non_null_months,transCnt_mean,transCnt_non_null_months,transTotalAmt,transTotalCnt,Default,maritalStatus_1,maritalStatus_2,maritalStatus_0,education_1,education_2,education_3,education_4,education_0,idVerify_0,idVerify_1,idVerify_2,threeVerify_1,threeVerify_2,threeVerify_0,Han_0,Han_1,netLength_1,netLength_2,netLength_3,netLength_4,netLength_0,sex_0,sex_1,sex_2,CityId_1,CityId_2,CityId_3,trans_total,total_withdraw,avg_per_withdraw,avg_per_online_spend,avg_per_public_spend,bad_record
0,38,2,0,0,0,0,0,0,0,0,0,0,0,0.87,-7710,2,0,0,0,2,0,2,0,0,0,0,1,0,1,0,0,0,0,0,0,1,0,1,0,1,0,0,0,0,0,1,0,0,1,1,0,0,0,0,0,-3855,0,0
0,39,19,0,0,0,0,0,0,0,0,0,0,400,0.87,700,3,0,0,180,5,1,5,900,5,0,1,0,0,1,0,0,0,0,0,0,1,1,0,0,1,0,1,0,0,0,0,0,1,0,1,0,0,180,0,0,233.333333,0,0
0,40,16,0,0,0,0,0,0,0,0,0,0,17250,0.46,-164560,39,770,2,2378.888889,9,0.333333333,9,21410,3,0,0,0,1,1,0,0,0,0,1,0,0,1,0,0,1,0,0,1,0,0,0,0,0,1,0,1,0,792.962962,0,0,-4219.487179,385,0
0,38,13,22000,1,6,1,22000,6,0,0,0,0,176800,0.69,12660,7,0,0,28008,10,1.5,10,280120,15,0,1,0,0,0,0,0,1,0,1,0,0,1,0,0,1,0,0,0,0,1,0,0,1,0,0,0,1,42012,132000,3666.666667,1808.571429,0,0
0,24,8,0,0,0,0,0,0,0,0,0,0,3720,0.83,-5260,15,4170,8,842,5,1.8,5,4220,9,0,0,1,0,1,0,0,0,0,1,0,0,1,0,0,1,0,0,0,1,0,0,0,1,0,0,1,0,1515.6,0,0,-350.666667,521.25,0
0,22,9,2100,1,5,1,2100,5,0,0,0,0,600,0.87,-170,12,600,7,150,4,0.25,4,600,1,0,1,0,0,0,1,0,0,0,0,1,0,0,0,1,1,0,0,0,1,0,0,0,0,1,0,0,1,37.5,10500,420,-14.166667,85.714286,0
0,33,27,1800,5,3.2,5,9000,16,0,0,0,0,16980,0.52,20700,21,4970,3,3188.888889,9,2.666666667,9,28720,24,0,1,0,0,1,0,0,0,0,0,1,0,1,0,0,1,0,0,0,0,1,0,0,1,0,0,1,0,8503.703705,5760,562.5,985.714286,1656.666667,0
0,27,51,0,0,0,0,0,0,0,0,0,1,0,0,0,0,0,0,0,0,0,0,0,0,0,0,0,1,1,0,0,0,0,1,0,0,0,1,0,1,0,0,0,0,1,0,0,0,1,0,0,1,0,0,0,0,0,1
0,27,47,1533.333333,3,1.666666667,3,4600,5,0,0,0,0,299210,0.12,-55270,73,-187830,21,78453.33333,12,11.83333333,12,941510,147,0,0,1,0,1,0,0,0,0,1,0,0,0,1,0,1,0,0,0,0,0,1,0,0,1,0,1,0,928364.4441,2555.555556,920,-757.123288,-8944.285714,0
0,25,32,0,0,0,0,0,0,0,0,0,0,12140,0.9,-18350,6,11410,1,4046.666667,3,0.666666667,3,12140,2,0,1,0,0,0,1,0,0,0,0,0,1,0,1,0,1,0,0,0,0,1,0,0,1,0,0,1,0,2697.777779,0,0,-3058.333333,11410,0
0,35,12,750,6,2,6,4500,12,0,0,0,0,2140,0.71,-90,3,390,2,402.2222222,9,1.111111111,9,3630,10,0,1,0,0,0,0,1,0,0,1,0,0,1,0,0,1,0,0,0,0,1,0,0,0,1,0,1,0,446.91358,1500,375,-30,195,0
0,41,2,0,0,0,0,0,0,0,0,0,0,0,0.92,0,10,0,7,0,2,0.5,2,0,1,0,1,0,0,1,0,0,0,0,1,0,0,0,1,0,1,0,0,1,0,0,0,0,1,0,0,1,0,0,0,0,0,0,0
0,29,68,933.3333333,3,1.333333333,3,2800,4,0,0,0,1,1120,0.73,0,0,0,0,347.7777778,9,1.222222222,9,3150,9,0,0,1,0,1,0,0,0,0,0,1,0,1,0,0,1,0,0,0,0,0,1,0,1,0,1,0,0,425.061728,1244.444444,700,0,0,1
0,35,16,3500,3,2.333333333,3,10500,7,0,0,0,0,63090,0.67,74560,9,0,4,8055,10,1.8,10,80570,18,0,0,1,0,1,0,0,0,0,0,1,0,1,0,0,1,0,0,0,0,1,0,0,1,0,1,0,0,14499,8166.666666,1500,8284.444444,0,0
0,32,13,100,1,1,1,100,1,0,0,0,0,1750,0.92,0,0,0,0,743.3333333,3,1.666666667,3,2240,5,0,0,0,1,0,0,0,0,1,1,0,0,1,0,0,1,0,0,0,0,1,0,0,1,0,0,0,1,1238.888889,100,100,0,0,0
0,44,72,0,0,0,0,0,0,0,0,0,0,4000,0.98,4000,1,0,0,4000,1,1,1,4000,1,0,1,0,0,1,0,0,0,0,0,1,0,1,0,0,1,0,0,0,0,1,0,0,1,0,0,1,0,4000,0,0,4000,0,0
0,43,42,2962.5,8,4.625,8,23700,37,0,0,0,0,1610,0.54,0,0,0,0,445,8,1,8,3560,8,0,1,0,0,0,1,0,0,0,1,0,0,1,0,0,1,0,0,0,0,1,0,0,1,0,0,1,0,445,13701.5625,640.540541,0,0,0
0,29,14,900,1,1,1,900,1,0,0,0,0,230,0.88,0,0,0,0,43.33333333,6,0.833333333,6,260,5,0,1,0,0,1,0,0,0,0,1,0,0,1,0,0,1,0,0,0,0,1,0,0,1,0,0,0,1,36.111111,900,900,0,0,0
0,32,22,1200,1,1,1,1200,1,0,0,0,0,210,0.92,0,0,420,2,120,4,0.75,4,480,3,0,1,0,0,0,1,0,0,0,0,0,1,1,0,0,1,0,0,0,0,1,0,1,0,0,0,0,1,90,1200,1200,0,210,0
0,55,25,0,0,0,0,0,0,0,0,0,0,0,0,0,0,0,0,0,0,0,0,0,0,0,0,1,0,0,0,1,0,0,1,0,0,1,0,0,1,0,0,0,0,1,0,0,0,1,1,0,0,0,0,0,0,0,0
0,36,60,1600,1,2,1,1600,2,0,0,0,0,14000,0.79,24840,9,0,0,6008.333333,6,1.333333333,6,36050,8,0,0,1,0,0,1,0,0,0,1,0,0,1,0,0,1,0,0,0,0,1,0,0,1,0,1,0,0,8011.111109,3200,800,2760,0,0
0,46,30,3400,3,2,3,10200,6,0,0,0,0,2190,0.9,0,0,0,0,547.5,4,0.25,4,2190,1,0,1,0,0,0,1,0,0,0,1,0,0,1,0,0,1,0,0,0,0,0,1,0,0,1,0,1,0,136.875,6800,1700,0,0,0
0,29,6,3550,4,2.5,4,14200,10,0,0,0,0,92170,0.63,15000,2,0,1,29093.33333,6,8.5,6,174580,57,0,1,0,0,1,0,0,0,0,1,0,0,1,0,0,1,0,0,0,0,0,1,0,1,0,0,1,0,247293.3333,8875,1420,7500,0,0
0,23,11,100,3,1,3,300,3,0,0,0,1,32000,0.38,360,46,1670,21,4448.75,8,1.5,8,35610,10,0,1,0,0,1,0,0,0,0,0,0,1,1,0,0,1,0,0,0,0,1,0,0,1,0,0,1,0,6673.125,100,100,7.826087,79.52381,1
0,26,25,0,0,0,0,0,0,0,0,0,0,500,0.79,-4170,12,1290,8,322.5,4,1.5,4,1290,6,0,1,0,0,0,0,1,0,0,0,1,0,0,0,1,1,0,0,0,0,1,0,0,1,0,1,0,0,483.75,0,0,-347.5,161.25,0
0,43,10,1300,4,2.75,4,5200,11,0,0,0,0,230,0.79,0,0,0,0,48.33333333,6,0.666666667,6,290,4,0,0,0,1,0,0,1,0,0,1,0,0,1,0,0,1,0,0,0,0,1,0,0,1,0,0,1,0,32.222222,3575,472.727273,0,0,0
0,36,4,0,0,0,0,0,0,0,0,0,0,400,0.98,0,0,0,0,400,1,1,1,400,1,0,0,1,0,0,0,0,1,0,0,0,1,0,1,0,1,0,0,0,0,0,1,0,1,0,0,1,0,400,0,0,0,0,0
0,27,21,300,1,1,1,300,1,0,0,0,0,200,0.88,890,5,710,4,146.6666667,6,1,6,890,6,0,1,0,0,1,0,0,0,0,0,1,0,1,0,0,1,0,0,0,0,1,0,0,1,0,0,1,0,146.666667,300,300,178,177.5,0
0,30,5,0,0,0,0,0,0,1,1,0,1,20000,0.94,-13620,6,780,3,6926.666667,3,0.666666667,3,20780,2,0,1,0,0,0,0,1,0,0,0,1,0,1,0,0,0,1,0,1,0,0,0,0,0,1,0,1,0,4617.77778,0,0,-2270,260,3
0,33,14,525,4,1.25,4,2100,5,0,0,0,0,18080,0.54,-84670,150,3310,9,4337.5,8,3.875,8,34720,33,0,1,0,0,1,0,0,0,0,1,0,0,1,0,0,1,0,0,0,0,1,0,0,1,0,1,0,0,16807.8125,656.25,420,-564.466667,367.777778,0
0,27,13,642.8571429,7,2.714285714,7,4500,19,0,0,0,0,1430,0.29,-60740,93,1020,3,281,10,3.3,10,2830,33,0,1,0,0,0,1,0,0,0,1,0,0,1,0,0,1,0,0,0,1,0,0,0,0,1,0,1,0,927.3,1744.897959,236.842105,-653.11828,340,0
0,29,62,5000,1,1,1,5000,1,0,0,0,0,20000,0.83,17460,5,7280,2,8592,5,1.4,5,42970,7,0,0,1,0,0,0,0,1,0,0,0,1,1,0,0,1,0,0,0,0,1,0,0,1,0,0,0,1,12028.8,5000,5000,3492,3640,0
0,31,15,0,0,0,0,0,0,0,0,0,0,30000,0.92,40000,3,4500,1,14833.33333,3,1.333333333,3,44500,4,0,1,0,0,0,0,1,0,0,0,0,1,1,0,0,1,0,0,0,0,1,0,0,1,0,1,0,0,19777.77777,0,0,13333.33333,4500,0
0,29,18,760,5,1.4,5,3800,7,0,0,0,0,2860,0.56,-4530,18,1300,2,828,10,1,10,8310,10,0,1,0,0,1,0,0,0,0,1,0,0,1,0,0,1,0,0,0,0,1,0,0,1,0,0,1,0,828,1064,542.857143,-251.666667,650,0
0,28,24,7600,2,3.5,2,15200,7,0,1,0,1,0,0.58,-86940,27,0,0,0,10,0,10,0,0,0,0,1,0,0,0,0,1,0,1,0,0,0,1,0,1,0,1,0,0,0,0,0,0,1,1,0,0,0,26600,2171.428571,-3220,0,2
0,40,22,8242.857143,7,5.571428571,7,57700,39,0,0,0,0,20310,0.06,29220,189,51210,69,9150.833333,12,8.666666667,12,109860,105,0,0,1,0,0,1,0,0,0,1,0,0,1,0,0,1,0,0,0,0,1,0,0,0,1,0,1,0,79307.22222,45924.48979,1479.487179,154.603175,742.173913,0
0,30,16,0,0,0,0,0,0,0,0,0,0,10,0.94,10,7,0,6,10,1,1,1,10,1,0,1,0,0,1,0,0,0,0,1,0,0,1,0,0,1,0,0,0,0,0,1,0,1,0,1,0,0,10,0,0,1.428571,0,0
0,31,4,0,0,0,0,0,0,0,0,0,0,2860,0.96,5720,2,0,0,2860,2,1,2,5720,2,0,1,0,0,1,0,0,0,0,0,0,1,0,1,0,0,1,0,0,0,1,0,0,0,1,0,0,1,2860,0,0,2860,0,0
0,49,26,4990,10,3,10,49900,30,0,0,0,0,11000,0.62,8200,4,1000,1,1359,10,0.9,10,13610,9,0,1,0,0,1,0,0,0,0,0,1,0,1,0,0,1,0,0,0,0,1,0,0,0,1,0,1,0,1223.1,14970,1663.333333,2050,1000,0
0,40,3,0,0,0,0,0,0,0,0,0,0,1810,0.98,0,0,0,0,1810,1,1,1,1810,1,0,0,1,0,0,1,0,0,0,1,0,0,1,0,0,1,0,0,0,0,1,0,0,1,0,0,0,1,1810,0,0,0,0,0
0,31,29,466.6666667,3,1,3,1400,3,0,0,0,0,99910,0.21,-1384530,231,4410,3,27358.33333,12,4.5,12,328330,54,0,0,1,0,0,0,0,1,0,0,1,0,1,0,0,1,0,0,0,0,0,1,0,1,0,0,1,0,123112.5,466.666667,466.666667,-5993.636364,1470,0
0,52,23,0,0,0,0,0,0,0,0,0,0,119750,0.67,268540,45,108590,12,53151.66667,6,7.5,6,318930,48,0,0,1,0,1,0,0,0,0,0,0,1,1,0,0,0,1,0,0,0,1,0,0,1,0,1,0,0,398637.5,0,0,5967.555556,9049.166667,0
0,38,30,0,0,0,0,0,0,1,1,0,0,200,0.94,0,0,0,0,93.33333333,3,1,3,280,3,0,0,1,0,1,0,0,0,0,1,0,0,1,0,0,1,0,0,0,0,1,0,0,1,0,0,0,1,93.333333,0,0,0,0,2
0,24,7,5200,3,3.666666667,3,15600,11,0,0,0,1,14900,0.88,250,4,0,0,4332,5,1.2,5,21670,6,0,1,0,0,0,0,0,0,1,1,0,0,0,0,1,1,0,0,0,0,1,0,0,1,0,1,0,0,5198.4,19066.66667,1418.181818,62.5,0,1
0,30,45,0,0,0,0,0,0,0,0,0,0,1230,0.9,0,0,0,0,1000,2,2.5,2,2010,5,0,0,1,0,0,1,0,0,0,0,1,0,1,0,0,1,0,0,0,0,1,0,0,1,0,0,0,1,2500,0,0,0,0,0
0,56,0,0,0,0,0,0,0,0,0,0,0,0,0.4,-89400,10,-384200,50,0,12,0.166666667,12,0,2,0,0,0,1,0,0,1,0,0,1,0,0,1,0,0,1,0,0,0,0,1,0,0,1,0,0,1,0,0,0,0,-8940,-7684,0
0,37,28,1430,10,4.3,10,14300,43,0,0,0,0,49200,0.12,-7810,123,2470,11,4902.5,12,5.916666667,12,58870,72,0,0,1,0,1,0,0,0,0,1,0,0,0,0,1,1,0,0,0,0,1,0,0,1,0,1,0,0,29006.45834,6149,332.55814,-63.495935,224.545455,0
0,46,70,5900,3,4,3,17700,12,0,0,0,0,74460,0.48,-52130,12,0,0,11830,9,2,9,106500,18,0,1,0,0,1,0,0,0,0,0,1,0,1,0,0,1,0,0,0,0,1,0,0,1,0,1,0,0,23660,23600,1475,-4344.166667,0,0
0,41,4,6033.333333,3,3.333333333,3,18100,10,0,0,0,0,1980,0.81,0,0,0,0,792.5,4,3.75,4,3180,15,0,0,1,0,1,0,0,0,0,1,0,0,0,1,0,1,0,0,0,0,1,0,0,1,0,0,1,0,2971.875,20111.11111,1810,0,0,0
0,51,2,5500,1,5,1,5500,5,0,0,0,0,0,0.98,0,0,0,0,0,1,0,1,0,0,0,0,1,0,0,0,1,0,0,1,0,0,1,0,0,1,0,0,0,0,1,0,0,0,1,0,0,1,0,27500,1100,0,0,0
0,32,23,333.3333333,3,1.333333333,3,1000,4,0,0,0,0,3060,0.58,-79380,21,790,2,1165,10,1.9,10,11680,18,0,0,1,0,0,0,1,0,0,0,0,1,1,0,0,1,0,0,0,0,1,0,0,1,0,0,1,0,2213.5,444.444444,250,-3780,395,0
0,30,16,0,0,0,0,0,0,0,0,0,0,320,0.96,70,2,0,0,320,1,3,1,320,3,0,0,1,0,1,0,0,0,0,1,0,0,0,1,0,1,0,0,0,0,0,1,0,1,0,0,1,0,960,0,0,35,0,0
0,52,76,0,0,0,0,0,0,0,0,0,0,0,0,0,0,0,0,0,0,0,0,0,0,0,0,1,0,0,0,0,1,0,1,0,0,0,0,1,1,0,0,0,0,1,0,0,0,1,1,0,0,0,0,0,0,0,0
0,37,16,3133.333333,3,1.666666667,3,9400,5,0,0,0,0,23920,0.23,-77370,69,49490,24,7693.333333,12,3.5,12,92370,42,0,1,0,0,1,0,0,0,0,1,0,0,1,0,0,1,0,0,0,0,1,0,0,1,0,1,0,0,26926.66667,5222.222223,1880,-1121.304348,2062.083333,0
0,28,53,0,0,0,0,0,0,0,0,0,0,26700,0.79,37110,9,0,0,6355.714286,7,2.142857143,7,44500,15,0,0,1,0,0,1,0,0,0,0,0,1,0,1,0,0,1,0,0,0,1,0,0,0,1,0,0,1,13619.38776,0,0,4123.333333,0,0
0,29,44,3500,2,2,2,7000,4,0,0,0,0,550,0.88,0,0,0,0,210,4,1,4,840,4,0,1,0,0,0,0,0,1,0,0,1,0,1,0,0,1,0,0,0,1,0,0,0,1,0,0,0,1,210,7000,1750,0,0,0
0,28,10,2020,5,2.4,5,10100,12,0,0,0,0,10350,0.73,-9540,21,5230,13,2903.333333,6,2.5,6,17440,15,0,0,1,0,1,0,0,0,0,0,1,0,0,0,1,1,0,0,0,0,1,0,0,0,1,0,1,0,7258.333332,4848,841.666667,-454.285714,402.307692,0
0,36,22,6118.181818,11,3.818181818,11,67300,42,0,0,0,0,2610,0.44,1570,18,3110,9,447.2727273,11,1.090909091,11,4930,12,0,0,0,1,0,1,0,0,0,1,0,0,1,0,0,1,0,0,0,0,1,0,0,1,0,0,0,1,487.933884,23360.33058,1602.380952,87.222222,345.555556,0
0,34,80,0,0,0,0,0,0,0,0,0,0,720,0.73,3280,10,0,3,540,6,1,6,3280,6,0,1,0,0,1,0,0,0,0,1,0,0,1,0,0,1,0,0,0,0,0,1,0,1,0,0,1,0,540,0,0,328,0,0
0,26,7,2000,2,1,2,4000,2,0,0,0,0,11210,0.79,-188510,51,4110,4,2168.333333,6,2.333333333,6,13020,15,0,1,0,0,0,0,1,0,0,0,0,1,1,0,0,1,0,0,0,0,1,0,0,0,1,0,1,0,5059.444443,2000,2000,-3696.27451,1027.5,0
0,31,1,0,0,0,0,0,0,0,0,0,0,20000,0.96,20000,2,0,0,20000,1,2,1,20000,2,0,0,1,0,1,0,0,0,0,0,0,1,0,1,0,1,0,0,0,1,0,0,0,0,1,1,0,0,40000,0,0,10000,0,0
0,46,22,966.6666667,3,2.333333333,3,2900,7,0,0,0,0,0,0.92,0,0,0,0,0,3,0.333333333,3,0,1,0,0,0,1,1,0,0,0,0,0,1,0,1,0,0,1,0,0,0,1,0,0,0,0,1,0,0,1,0,2255.555555,414.285714,0,0,0
0,26,35,200,2,1,2,400,2,0,0,0,0,5900,0.71,-31400,15,520,1,2410,12,1.916666667,12,28970,22,0,1,0,0,0,0,0,1,0,0,1,0,0,0,1,1,0,0,0,0,1,0,0,0,1,0,1,0,4619.166667,200,200,-2093.333333,520,0
0,28,25,733.3333333,3,1.333333333,3,2200,4,1,1,0,0,480,0.77,-18240,9,-90,1,125.7142857,7,1,7,890,7,0,0,1,0,1,0,0,0,0,1,0,0,1,0,0,1,0,0,0,0,1,0,0,0,1,1,0,0,125.714286,977.777777,550,-2026.666667,-90,2
0,27,11,300,1,1,1,300,1,0,0,0,0,0,0.96,0,1,0,0,0,1,0,1,0,0,0,0,1,0,0,1,0,0,0,0,1,0,0,1,0,1,0,0,1,0,0,0,0,1,0,0,1,0,0,300,300,0,0,0
0,26,2,0,0,0,0,0,0,0,0,0,0,1120,0.98,1120,1,1120,1,1120,1,1,1,1120,1,0,0,1,0,1,0,0,0,0,1,0,0,1,0,0,1,0,0,0,0,1,0,0,1,0,0,1,0,1120,0,0,1120,1120,0
0,23,27,0,0,0,0,0,0,0,0,0,0,4300,0.71,4880,33,4720,15,710,7,2.285714286,7,5000,15,0,0,0,1,0,0,0,0,1,0,1,0,1,0,0,1,0,0,0,0,1,0,0,0,1,1,0,0,1622.857143,0,0,147.878788,314.666667,0
0,27,35,4244.444444,9,2.555555556,9,38200,23,0,0,0,0,228890,0.42,-116970,41,0,1,36153.33333,12,3.75,12,433900,44,0,1,0,0,0,1,0,0,0,1,0,0,0,0,1,1,0,0,0,0,1,0,0,1,0,0,0,1,135575,10846.91358,1660.869565,-2852.926829,0,0
0,35,32,0,0,0,0,0,0,0,0,0,0,0,0.71,-125170,18,0,0,0,6,0,6,0,0,0,1,0,0,0,0,1,0,0,0,0,1,0,1,0,1,0,0,1,0,0,0,0,0,1,1,0,0,0,0,0,-6953.888889,0,0
0,33,19,333.3333333,3,1.333333333,3,1000,4,0,0,0,0,2330,0.71,-5900,26,3640,14,1350,5,1.4,5,6760,7,0,0,0,1,0,1,0,0,0,1,0,0,1,0,0,1,0,0,0,0,1,0,0,1,0,0,0,1,1890,444.444444,250,-226.923077,260,0
0,26,79,1442.857143,7,4.142857143,7,10100,29,0,0,0,0,3350,0.58,4210,5,0,0,580,9,1.222222222,9,5240,9,0,1,0,0,0,1,0,0,0,1,0,0,1,0,0,1,0,0,0,0,1,0,0,1,0,1,0,0,708.888889,5977.551021,348.275862,842,0,0
0,25,1,0,0,0,0,0,0,0,0,0,0,0,0.98,0,3,0,3,0,0,0,0,0,0,0,1,0,0,0,0,0,0,1,1,0,0,1,0,0,1,0,0,1,0,0,0,0,1,0,1,0,0,0,0,0,0,0,0
0,43,38,0,0,0,0,0,0,0,0,0,0,1380,0.81,3440,10,0,2,518.5714286,7,1.285714286,7,3650,9,0,1,0,0,0,0,1,0,0,1,0,0,0,1,0,1,0,0,0,0,1,0,0,0,1,1,0,0,666.734694,0,0,344,0,0
0,26,7,100,1,1,1,100,1,0,0,0,0,32990,0.77,30550,24,33160,12,11848.33333,6,3.333333333,6,71090,18,0,0,0,1,1,0,0,0,0,0,1,0,0,0,1,1,0,0,1,0,0,0,0,0,1,1,0,0,39494.44443,100,100,1272.916667,2763.333333,0
0,40,71,0,0,0,0,0,0,0,0,0,0,0,0,0,0,0,0,0,0,0,0,0,0,0,1,0,0,0,0,0,1,0,0,1,0,1,0,0,1,0,0,0,0,0,1,0,0,1,0,0,1,0,0,0,0,0,0
0,27,12,7714.285714,7,3.428571429,7,54000,24,0,0,0,0,31180,0.58,38710,18,26370,12,6059,10,1.2,10,60610,12,0,0,1,0,1,0,0,0,0,1,0,0,1,0,0,1,0,1,0,0,0,0,0,1,0,0,1,0,7270.8,26448.97959,2250,2150.555556,2197.5,0
0,37,9,5000,1,3,1,5000,3,0,0,0,0,64760,0.87,13520,9,1200,4,15854,5,2.6,5,79280,12,0,0,1,0,0,0,1,0,0,0,1,0,1,0,0,1,0,0,0,0,1,0,0,1,0,0,1,0,41220.4,15000,1666.666667,1502.222222,300,0
0,29,60,0,0,0,0,0,0,0,0,0,0,340,0.92,350,8,340,2,163.3333333,3,3.666666667,3,490,9,0,1,0,0,0,1,0,0,0,0,0,1,1,0,0,1,0,0,0,0,0,1,0,1,0,0,1,0,598.888889,0,0,43.75,170,0
0,26,9,500,2,1,2,1000,2,0,0,0,0,600,0.94,600,3,0,0,200,3,1,3,600,3,0,0,0,1,1,0,0,0,0,1,0,0,0,0,1,1,0,0,0,0,1,0,0,1,0,0,1,0,200,500,500,200,0,0
0,27,4,0,0,0,0,0,0,0,0,0,0,100,0.98,0,0,0,0,100,1,1,1,100,1,0,0,1,0,1,0,0,0,0,0,0,1,1,0,0,1,0,0,0,0,1,0,0,0,1,1,0,0,100,0,0,0,0,0
0,34,36,100,1,1,1,100,1,0,0,0,0,0,0.98,0,0,0,0,0,1,0,1,0,0,0,1,0,0,1,0,0,0,0,0,1,0,0,1,0,1,0,0,0,0,1,0,0,1,0,0,1,0,0,100,100,0,0,0
0,33,37,0,0,0,0,0,0,0,0,0,0,50,0.94,20,1,0,0,30,3,1,3,100,3,0,0,0,1,0,1,0,0,0,1,0,0,1,0,0,1,0,0,0,0,1,0,0,0,1,0,1,0,30,0,0,20,0,0
0,33,13,0,0,0,0,0,0,0,0,0,0,7660,0.29,-209120,99,17980,8,3980.833333,12,2,12,47790,24,0,1,0,0,0,0,0,1,0,1,0,0,1,0,0,1,0,0,0,0,1,0,0,1,0,1,0,0,7961.666666,0,0,-2112.323232,2247.5,0
0,52,4,4000,1,2,1,4000,2,0,0,0,0,48000,0.94,48000,1,0,0,48000,1,1,1,48000,1,0,1,0,0,0,0,1,0,0,1,0,0,1,0,0,1,0,0,0,0,1,0,0,1,0,1,0,0,48000,8000,2000,48000,0,0
0,24,55,1916.666667,6,2.666666667,6,11500,16,1,0,0,0,5470,0.6,2140,24,3270,4,1974,10,1.5,10,19750,15,0,0,1,0,1,0,0,0,0,1,0,0,0,1,0,1,0,1,0,0,0,0,0,0,1,1,0,0,2961,5111.111113,718.75,89.166667,817.5,1
0,48,45,0,0,0,0,0,0,0,0,0,0,10330,0.79,8390,15,0,0,2144,5,2.4,5,10740,12,0,1,0,0,0,0,1,0,0,0,1,0,1,0,0,1,0,0,0,0,1,0,0,0,1,0,1,0,5145.6,0,0,559.333333,0,0
0,27,22,0,0,0,0,0,0,0,0,0,0,88770,0.27,-1743020,156,0,0,43890.83333,12,2.666666667,12,526720,30,0,1,0,0,0,1,0,0,0,0,0,1,0,1,0,1,0,0,0,0,1,0,0,0,1,0,1,0,117042.2222,0,0,-11173.20513,0,0
0,28,27,3000,4,1.5,4,12000,6,0,0,0,0,14480,0.54,-4390,9,-19970,3,2138.181818,11,1.545454545,11,23570,15,0,0,0,1,1,0,0,0,0,1,0,0,1,0,0,1,0,0,0,0,1,0,0,1,0,0,1,0,3304.462809,4500,2000,-487.777778,-6656.666667,0
0,30,5,1300,4,3.5,4,5200,14,0,0,0,0,230,0.83,0,0,0,0,72.5,4,0.5,4,300,2,0,0,1,0,0,0,1,0,0,1,0,0,1,0,0,1,0,0,0,0,1,0,0,1,0,0,0,1,36.25,4550,371.428571,0,0,0
0,41,46,2000,1,1,1,2000,1,0,0,0,1,10320,0.92,-48670,7,0,0,2064,5,0.8,5,10320,4,0,0,0,1,0,0,0,1,0,0,1,0,1,0,0,1,0,0,0,0,1,0,0,1,0,0,0,1,1651.2,2000,2000,-6952.857143,0,1
0,44,34,0,0,0,0,0,0,0,0,0,0,2210,0.69,-101340,39,2850,5,592.8571429,7,1.142857143,7,4180,8,0,1,0,0,0,1,0,0,0,1,0,0,1,0,0,1,0,0,0,0,1,0,0,1,0,0,1,0,677.551021,0,0,-2598.461538,570,0
0,33,58,0,0,0,0,0,0,0,0,0,0,1045300,0.08,3875970,477,-432950,27,367633.3333,12,21.16666667,12,4411630,258,0,1,0,0,1,0,0,0,0,0,1,0,1,0,0,1,0,0,0,0,1,0,0,1,0,0,0,1,7781572.223,0,0,8125.72327,-16035.18519,0
0,30,26,233.3333333,3,1,3,700,3,1,0,0,0,4900,0.71,800,1,790,1,2665,12,5.083333333,12,32050,59,0,1,0,0,0,0,1,0,0,0,1,0,0,0,1,1,0,0,0,0,1,0,0,1,0,0,1,0,13547.08333,233.333333,233.333333,800,790,1
0,25,14,21388.88889,9,5.777777778,9,192500,52,0,0,0,0,35710,0.38,28350,3,9700,1,7090,12,1.833333333,12,85130,21,0,1,0,0,0,0,1,0,0,1,0,0,0,1,0,1,0,0,0,0,1,0,0,0,1,1,0,0,12998.33333,123580.2469,3701.923077,9450,9700,0
0,40,20,11285.71429,7,5.428571429,7,79000,38,0,0,0,0,66500,0.31,110670,111,68740,18,39432.5,12,5.666666667,12,473230,66,0,1,0,0,0,0,0,1,0,0,0,1,1,0,0,1,0,0,0,0,1,0,0,1,0,1,0,0,223450.8333,61265.30615,2078.947368,997.027027,3818.888889,0
1,39,43,0,0,0,0,0,0,0,0,0,0,246040,0.56,40200,3,4650,1,151390,12,7.916666667,12,1816770,93,0,1,0,0,0,1,0,0,0,1,0,0,1,0,0,1,0,0,0,0,1,0,0,1,0,0,0,1,1198504.167,0,0,13400,4650,0
0,24,25,500,1,1,1,500,1,0,0,0,0,44730,0.15,12710,171,44540,51,15313.33333,12,11.41666667,12,183800,141,0,1,0,0,1,0,0,0,0,0,1,0,1,0,0,1,0,0,0,0,1,0,0,0,1,0,1,0,174827.2222,500,500,74.327485,873.333333,0
0,44,31,2166.666667,3,1.333333333,3,6500,4,0,0,0,0,44220,0.88,20000,2,0,0,14740,3,1.333333333,3,44220,4,0,1,0,0,1,0,0,0,0,1,0,0,1,0,0,1,0,0,0,0,0,1,0,1,0,0,0,1,19653.33333,2888.888889,1625,10000,0,0
0,41,37,2500,3,1.666666667,3,7500,5,0,0,0,0,106400,0.62,-1008200,48,0,0,21746.66667,9,0.666666667,9,195720,6,0,1,0,0,1,0,0,0,0,1,0,0,1,0,0,1,0,0,0,0,0,1,0,1,0,0,0,1,14497.77779,4166.666667,1500,-21004.16667,0,0
0,33,24,1460,5,1.2,5,7300,6,0,0,0,0,2300,0.81,0,0,750,1,720,5,0.8,5,3600,4,0,0,0,1,0,0,0,0,1,1,0,0,0,1,0,1,0,0,0,0,1,0,0,1,0,0,0,1,576,1752,1216.666667,0,750,0
0,34,0,6283.333333,6,2.666666667,6,37700,10,0,0,0,0,16700,0.71,65600,10,62400,10,7266.666667,9,1.666666667,9,65700,10,0,1,0,0,1,0,0,0,0,0,1,0,1,0,0,1,0,0,0,0,0,1,0,1,0,0,0,1,12111.11111,16755.55556,3770,6560,6240,0
0,26,6,0,0,0,0,0,0,0,0,0,0,4670,0.92,0,0,0,0,1285,4,1,4,5150,4,0,1,0,0,0,1,0,0,0,0,0,1,1,0,0,0,1,0,0,0,0,1,0,0,1,1,0,0,1285,0,0,0,0,0
0,31,10,0,0,0,0,0,0,0,0,0,0,19130,0.63,30,2,0,0,13161.11111,9,4.222222222,9,118480,38,0,0,0,1,1,0,0,0,0,1,0,0,1,0,0,1,0,0,0,0,1,0,0,1,0,1,0,0,55569.1358,0,0,15,0,0
0,30,35,0,0,0,0,0,0,0,0,0,0,55540,0.52,-21810,15,3340,4,5336.666667,12,2.416666667,12,64080,27,0,1,0,0,1,0,0,0,0,0,0,1,0,1,0,0,1,0,0,0,1,0,0,0,1,0,1,0,12896.94445,0,0,-1454,835,0
0,32,84,0,0,0,0,0,0,0,0,0,0,181980,0.67,97200,21,0,0,45455.71429,7,3,7,318190,21,0,1,0,0,0,0,1,0,0,0,0,1,1,0,0,1,0,0,0,0,1,0,0,1,0,0,1,0,136367.1429,0,0,4628.571429,0,0
0,31,9,0,0,0,0,0,0,0,0,0,0,12600,0.94,0,0,0,0,8735,2,3,2,17470,6,0,1,0,0,1,0,0,0,0,1,0,0,1,0,0,1,0,0,0,0,1,0,0,1,0,0,0,1,26205,0,0,0,0,0
0,39,43,0,0,0,0,0,0,0,0,0,0,161790,0.73,59650,24,1600,3,27773.33333,6,2.833333333,6,166640,15,0,1,0,0,0,0,1,0,0,0,1,0,1,0,0,1,0,0,0,0,0,1,0,1,0,0,1,0,78691.11109,0,0,2485.416667,533.333333,0
0,30,46,888.8888889,9,2.333333333,9,8000,21,0,0,0,0,6000,0.58,5090,21,4410,8,1987.777778,9,2.444444444,9,17910,21,0,1,0,0,0,1,0,0,0,0,1,0,1,0,0,1,0,0,0,0,1,0,0,1,0,0,0,1,4859.012345,2074.074074,380.952381,242.380952,551.25,0
0,27,11,1200,1,4,1,1200,4,0,0,0,0,34080,0.58,11430,18,15150,9,5397.777778,9,1.888888889,9,48620,15,0,0,0,1,1,0,0,0,0,1,0,0,0,0,1,1,0,0,0,0,0,1,0,0,1,0,1,0,10195.80247,4800,300,635,1683.333333,0
0,24,73,0,0,0,0,0,0,0,0,0,0,2140,0.83,3780,15,0,0,1092.5,4,3.5,4,4380,15,0,0,1,0,0,0,1,0,0,1,0,0,1,0,0,1,0,0,0,0,0,1,0,1,0,0,1,0,3823.75,0,0,252,0,0
0,48,26,5357.142857,7,1.857142857,7,37500,13,0,0,0,0,0,0.85,0,0,0,0,0,7,0,7,0,0,0,1,0,0,1,0,0,0,0,0,0,1,1,0,0,1,0,0,0,0,1,0,0,1,0,0,1,0,0,9948.979591,2884.615385,0,0,0
0,46,8,0,0,0,0,0,0,0,0,0,0,1950,0.67,-105870,141,-540,2,418.5714286,7,0.714285714,7,2930,5,0,0,1,0,0,1,0,0,0,0,1,0,1,0,0,1,0,0,0,0,1,0,0,1,0,1,0,0,298.979592,0,0,-750.851064,-270,0
0,36,5,13000,1,3,1,13000,3,0,0,0,0,0,0.96,0,0,0,0,0,1,0,1,0,0,0,0,1,0,0,0,0,1,0,1,0,0,0,1,0,1,0,0,0,0,1,0,0,1,0,0,1,0,0,39000,4333.333333,0,0,0
0,45,15,0,0,0,0,0,0,0,0,0,0,22000,0.85,41080,8,28580,7,7018.75,8,1.25,8,56180,10,0,1,0,0,0,1,0,0,0,0,1,0,1,0,0,1,0,0,0,0,0,1,0,0,1,1,0,0,8773.4375,0,0,5135,4082.857143,0
0,32,27,362.5,8,1.75,8,2900,14,0,0,0,0,7740,0.23,-7460,66,16630,21,2323.333333,12,3.25,12,27930,39,0,1,0,0,1,0,0,0,0,0,1,0,1,0,0,1,0,0,0,0,1,0,0,1,0,0,1,0,7550.833332,634.375,207.142857,-113.030303,791.904762,0
0,53,10,8288.888889,9,4,9,74600,36,0,0,0,0,44480,0.42,93560,10,0,1,13521.11111,9,4.444444444,9,121710,39,0,0,0,1,1,0,0,0,0,0,0,1,0,1,0,1,0,1,0,0,0,0,0,1,0,0,1,0,60093.82715,33155.55556,2072.222222,9356,0,0
0,43,18,2000,1,1,1,2000,1,0,0,0,0,21100,0.71,-9140,9,-1990,2,2637.5,8,0.25,8,21100,2,0,1,0,0,0,0,0,0,1,0,1,0,1,0,0,1,0,0,0,0,1,0,0,0,1,0,1,0,659.375,2000,2000,-1015.555556,-995,0
0,29,35,80,1,1,1,80,1,0,0,0,0,3440,0.88,1250,1,1250,1,1164,5,1.2,5,5840,6,0,1,0,0,1,0,0,0,0,1,0,0,1,0,0,1,0,0,0,0,1,0,0,1,0,0,0,1,1396.8,80,80,1250,1250,0
0,31,16,820,5,1,5,4100,5,0,0,0,0,5750,0.54,5600,39,5850,8,1347.272727,11,2.909090909,11,14860,30,0,1,0,0,1,0,0,0,0,0,0,1,1,0,0,1,0,0,0,0,1,0,0,1,0,1,0,0,3919.338842,820,820,143.589744,731.25,0
0,42,18,0,0,0,0,0,0,0,0,0,0,0,0.94,0,2,0,1,0,0,0,0,0,0,0,0,1,0,0,0,0,0,1,1,0,0,0,0,1,1,0,0,0,0,1,0,0,1,0,0,1,0,0,0,0,0,0,0
0,36,3,3500,1,2,1,3500,2,0,0,0,0,2570,0.94,2570,1,-2340,1,2570,1,1,1,2570,1,0,0,1,0,0,0,1,0,0,1,0,0,1,0,0,1,0,0,0,0,1,0,0,1,0,0,1,0,2570,7000,1750,2570,-2340,0
0,27,31,0,0,0,0,0,0,0,0,0,0,124500,0.88,239000,18,0,1,79666.66667,3,5.666666667,3,239000,15,0,1,0,0,0,0,1,0,0,0,0,1,1,0,0,0,1,0,0,0,1,0,0,0,1,0,1,0,451444.4445,0,0,13277.77778,0,0
0,30,27,1450,4,1.5,4,5800,6,1,0,0,1,450,0.87,0,0,0,0,112.5,4,0.5,4,450,2,0,1,0,0,0,0,1,0,0,1,0,0,1,0,0,1,0,0,0,1,0,0,0,0,1,1,0,0,56.25,2175,966.666667,0,0,2
0,33,12,0,0,0,0,0,0,0,0,0,0,4340,0.71,2490,15,-890,8,910,11,2.090909091,11,10050,21,0,0,0,1,1,0,0,0,0,1,0,0,1,0,0,1,0,0,0,0,1,0,0,1,0,1,0,0,1902.727273,0,0,166,-111.25,0
0,44,8,1500,2,2,2,3000,4,0,0,0,1,0,0.77,0,0,0,0,0,4,0,4,0,0,0,0,1,0,0,1,0,0,0,0,1,0,1,0,0,1,0,0,0,0,1,0,0,1,0,0,1,0,0,3000,750,0,0,1
0,34,58,9000,1,3,1,9000,3,0,0,0,0,15020,0.77,-171590,27,0,1,2620,6,0.666666667,6,15720,4,0,0,0,1,0,1,0,0,0,1,0,0,0,0,1,1,0,0,0,0,0,1,0,1,0,1,0,0,1746.666668,27000,3000,-6355.185185,0,0
0,23,29,750,2,1,2,1500,2,0,0,0,0,58240,0.19,-14200,306,71740,75,14815.83333,12,15.16666667,12,177850,183,0,0,0,1,1,0,0,0,0,1,0,0,1,0,0,1,0,0,0,0,1,0,0,0,1,0,1,0,224706.8056,750,750,-46.405229,956.533333,0
0,30,45,0,0,0,0,0,0,0,0,0,0,340110,0.71,3790,2,100,1,45289.09091,11,5.818181818,11,498240,62,0,0,1,0,1,0,0,0,0,0,0,1,1,0,0,0,1,0,0,0,1,0,0,0,1,0,0,1,263500.1653,0,0,1895,100,0
0,31,6,540,5,1.4,5,2700,7,0,0,0,0,4050,0.79,6260,6,0,0,1314,5,2,5,6590,10,0,1,0,0,0,0,1,0,0,0,1,0,0,0,1,1,0,1,0,0,0,0,0,0,1,0,0,1,2628,756,385.714286,1043.333333,0,0
0,35,5,1300,3,2.666666667,3,3900,8,0,0,1,0,1500,0.83,1790,6,2010,2,757.5,4,1,4,3040,4,0,0,0,1,0,0,0,0,1,1,0,0,1,0,0,1,0,1,0,0,0,0,0,1,0,0,1,0,757.5,3466.666667,487.5,298.333333,1005,1
0,29,76,5000,1,4,1,5000,4,0,0,0,0,23790,0.33,-288370,165,9970,11,12608,10,3.7,10,126120,37,0,1,0,0,0,0,0,1,0,0,1,0,1,0,0,1,0,0,0,0,1,0,0,0,1,0,1,0,46649.6,20000,1250,-1747.69697,906.363636,0
0,37,45,0,0,0,0,0,0,1,0,1,1,19130,0.42,28620,72,19440,18,4423,10,5.6,10,44280,57,0,0,0,1,0,1,0,0,0,1,0,0,0,1,0,1,0,0,0,0,1,0,0,1,0,1,0,0,24768.8,0,0,397.5,1080,3
0,35,38,0,0,0,0,0,0,0,0,0,0,8800,0.35,-113260,96,15040,12,3307.5,12,3.666666667,12,39740,42,0,0,1,0,0,1,0,0,0,0,1,0,1,0,0,1,0,0,0,0,1,0,0,0,1,0,1,0,12127.5,0,0,-1179.791667,1253.333333,0
0,40,31,0,0,0,0,0,0,0,0,0,0,3890,0.83,50,2,0,1,1247.5,4,3.25,4,4990,12,0,1,0,0,1,0,0,0,0,1,0,0,1,0,0,1,0,0,0,0,1,0,0,0,1,0,1,0,4054.375,0,0,25,0,0
0,45,7,0,0,0,0,0,0,0,0,0,0,200,0.94,0,0,0,0,100,2,0.5,2,200,1,0,1,0,0,0,0,0,0,1,0,1,0,1,0,0,1,0,0,0,0,1,0,0,1,0,1,0,0,50,0,0,0,0,0
0,27,47,2766.666667,3,1.666666667,3,8300,5,1,0,0,0,23200,0.63,40760,3,0,0,5394,10,1.5,10,53970,15,0,0,0,1,0,0,1,0,0,0,0,1,1,0,0,1,0,0,0,0,1,0,0,1,0,0,0,1,8091,4611.111113,1660,13586.66667,0,1
0,40,52,300,1,1,1,300,1,0,0,0,0,360,0.9,0,0,0,0,183.3333333,3,1.666666667,3,560,5,0,1,0,0,1,0,0,0,0,0,0,1,1,0,0,1,0,0,0,0,1,0,0,0,1,1,0,0,305.555556,300,300,0,0,0
0,29,62,0,0,0,0,0,0,0,0,0,0,20000,0.92,10,2,0,0,6670,3,1,3,20010,3,0,1,0,0,1,0,0,0,0,0,1,0,1,0,0,1,0,0,0,1,0,0,0,1,0,0,1,0,6670,0,0,5,0,0
0,26,7,866.6666667,3,2,3,2600,6,0,0,0,0,2070,0.75,-10480,27,1390,18,850,5,1.2,5,4260,6,0,0,0,1,0,0,0,0,1,1,0,0,1,0,0,1,0,0,0,0,1,0,0,0,1,0,1,0,1020,1733.333333,433.333333,-388.148148,77.222222,0
0,30,25,0,0,0,0,0,0,0,0,0,0,730,0.96,0,0,0,0,730,1,3,1,730,3,0,1,0,0,0,1,0,0,0,1,0,0,0,1,0,1,0,0,0,0,0,1,0,1,0,0,1,0,2190,0,0,0,0,0
0,35,2,1700,1,4,1,1700,4,0,0,0,0,0,0.94,0,0,0,0,0,1,0,1,0,0,0,1,0,0,0,1,0,0,0,1,0,0,1,0,0,1,0,0,0,1,0,0,0,1,0,0,1,0,0,6800,425,0,0,0
0,31,25,0,0,0,0,0,0,0,0,0,0,1010,0.85,90,7,640,5,504,5,1,5,2520,5,0,0,0,1,0,1,0,0,0,0,0,1,1,0,0,1,0,1,0,0,0,0,0,1,0,0,1,0,504,0,0,12.857143,128,0
0,23,56,320,5,1.2,5,1600,6,0,0,0,0,77260,0.04,203930,282,152970,102,24714.16667,12,21.66666667,12,296630,267,0,0,1,0,0,0,1,0,0,0,1,0,1,0,0,1,0,0,0,0,1,0,0,0,1,0,1,0,535473.6113,384,266.666667,723.156028,1499.705882,0
0,29,69,2666.666667,3,1.333333333,3,8000,4,0,1,0,0,0,0.94,0,0,0,0,0,3,0,3,0,0,0,0,0,1,0,0,0,0,1,1,0,0,1,0,0,1,0,0,0,0,1,0,0,0,1,0,0,1,0,3555.555555,2000,0,0,1
0,33,18,0,0,0,0,0,0,0,0,0,0,0,0.63,-3140,27,0,18,0,2,0,2,0,0,0,0,1,0,0,1,0,0,0,1,0,0,1,0,0,1,0,1,0,0,0,0,0,0,1,0,1,0,0,0,0,-116.296296,0,0
0,32,27,0,0,0,0,0,0,0,0,0,0,3000,0.65,190,9,80,4,422.7272727,11,2,11,4670,21,0,1,0,0,0,0,1,0,0,0,0,1,0,1,0,1,0,0,0,0,1,0,0,1,0,0,1,0,845.454545,0,0,21.111111,20,0
0,23,29,0,0,0,0,0,0,0,0,0,0,139420,0.31,73360,150,45720,51,20729.16667,12,9.25,12,248790,114,0,1,0,0,1,0,0,0,0,1,0,0,1,0,0,1,0,0,0,0,1,0,0,1,0,0,1,0,191744.7917,0,0,489.066667,896.470588,0
0,29,14,5335,10,2.6,10,53350,26,0,0,0,0,150230,0.02,182320,198,80960,48,27162.5,12,15,12,326020,186,0,0,0,1,1,0,0,0,0,1,0,0,1,0,0,1,0,0,0,0,1,0,0,0,1,1,0,0,407437.5,13871,2051.923077,920.808081,1686.666667,0
0,27,24,3400,2,2,2,6800,4,0,0,0,0,1610,0.81,2040,3,0,0,291.4285714,7,0.285714286,7,2040,2,0,1,0,0,1,0,0,0,0,0,1,0,1,0,0,1,0,0,0,0,1,0,0,1,0,1,0,0,83.265306,6800,1700,680,0,0
0,37,7,1500,1,3,1,1500,3,0,0,0,0,0,0.63,-610340,63,0,0,0,6,0,6,0,0,0,1,0,0,1,0,0,0,0,1,0,0,1,0,0,1,0,0,0,0,1,0,0,1,0,1,0,0,0,4500,500,-9687.936508,0,0
0,46,19,100,1,1,1,100,1,0,0,0,0,46210,0.06,-742050,153,58230,51,16368.33333,12,10.25,12,196470,123,0,1,0,0,0,1,0,0,0,1,0,0,1,0,0,1,0,0,0,0,1,0,0,1,0,0,0,1,167775.4166,100,100,-4850,1141.764706,0
0,34,12,200,2,1,2,400,2,0,0,0,0,0,0.96,0,0,0,0,0,2,0,2,0,0,0,1,0,0,0,1,0,0,0,1,0,0,1,0,0,1,0,0,0,0,1,0,0,1,0,0,1,0,0,200,200,0,0,0
0,39,10,6250,2,3,2,12500,6,0,1,0,1,3680,0.87,0,0,0,0,920,4,0.5,4,3680,2,0,0,1,0,1,0,0,0,0,1,0,0,1,0,0,1,0,0,0,0,1,0,0,1,0,0,1,0,460,18750,2083.333333,0,0,2
0,49,21,11600,2,4.5,2,23200,9,0,0,0,0,2940,0.58,-113310,18,-22510,5,1040,7,1.571428571,7,7300,9,0,0,0,1,0,0,0,0,1,1,0,0,1,0,0,1,0,0,0,0,0,1,0,1,0,0,1,0,1634.285714,52200,2577.777778,-6295,-4502,0
0,26,69,400,4,1.75,4,1600,7,0,0,0,0,260,0.71,-60,15,0,9,95,6,0.833333333,6,580,5,0,1,0,0,1,0,0,0,0,0,0,1,1,0,0,1,0,0,0,0,1,0,0,1,0,0,1,0,79.166667,700,228.571429,-4,0,0
0,27,10,100,1,1,1,100,1,0,0,0,0,30000,0.92,58700,2,0,0,19643.33333,3,1,3,58930,3,0,0,1,0,1,0,0,0,0,0,0,1,0,0,1,1,0,0,0,1,0,0,0,0,1,1,0,0,19643.33333,100,100,29350,0,0
0,32,38,9250,4,3.25,4,37000,13,0,0,0,0,19360,0.65,30920,24,0,0,3371,10,2.1,10,33730,21,0,1,0,0,0,0,1,0,0,0,0,1,1,0,0,0,1,0,0,0,1,0,0,0,1,1,0,0,7079.1,30062.5,2846.153846,1288.333333,0,0
0,41,77,15530,1,10,1,15530,10,0,0,0,0,8110,0.75,21290,9,13170,7,2880,8,2.25,8,23060,18,0,1,0,0,0,0,0,1,0,0,1,0,1,0,0,1,0,0,0,0,1,0,0,0,1,0,1,0,6480,155300,1553,2365.555556,1881.428571,0
0,23,2,200,2,1,2,400,2,0,0,0,0,0,0.96,0,0,0,0,0,2,0,2,0,0,0,1,0,0,1,0,0,0,0,1,0,0,0,1,0,1,0,0,0,0,1,0,0,1,0,0,0,1,0,200,200,0,0,0
0,25,26,0,0,0,0,0,0,0,0,0,0,33240,0.5,12810,144,51210,42,14367.5,8,11,8,114970,93,0,1,0,0,0,0,1,0,0,0,1,0,1,0,0,1,0,0,0,0,1,0,0,0,1,1,0,0,158042.5,0,0,88.958333,1219.285714,0
0,23,12,100,1,1,1,100,1,0,0,0,0,1840,0.79,5030,12,0,2,778.75,8,2.125,8,6240,17,0,0,1,0,1,0,0,0,0,0,1,0,1,0,0,1,0,0,0,0,1,0,0,0,1,1,0,0,1654.84375,100,100,419.166667,0,0
0,51,6,1750,2,1,2,3500,2,0,0,0,0,0,0.96,0,0,0,0,0,2,0,2,0,0,0,0,0,1,1,0,0,0,0,1,0,0,1,0,0,1,0,0,0,0,1,0,0,1,0,0,1,0,0,1750,1750,0,0,0
0,27,27,100,2,1,2,200,2,0,0,0,0,2880,0.87,-3330,18,660,7,1070,3,2.666666667,3,3210,8,0,1,0,0,1,0,0,0,0,0,0,1,1,0,0,1,0,0,0,1,0,0,0,0,1,1,0,0,2853.333334,100,100,-185,94.285714,0
0,29,17,0,0,0,0,0,0,0,0,0,0,17190,0.48,23840,7,26270,4,8379.166667,12,5.916666667,12,100600,69,0,0,1,0,0,1,0,0,0,0,0,1,1,0,0,0,1,0,0,0,1,0,0,0,1,0,1,0,49576.73612,0,0,3405.714286,6567.5,0
0,33,62,0,0,0,0,0,0,0,0,0,0,50000,0.94,10000,1,0,0,20000,3,1,3,60000,3,0,1,0,0,1,0,0,0,0,0,1,0,0,1,0,1,0,0,0,0,1,0,0,1,0,1,0,0,20000,0,0,10000,0,0
0,50,16,200,3,1,3,600,3,0,0,0,0,249440,0.63,20760,33,-27760,2,30607.27273,11,2,11,336710,21,0,1,0,0,0,1,0,0,0,1,0,0,1,0,0,1,0,0,0,0,0,1,0,1,0,0,1,0,61214.54546,200,200,629.090909,-13880,0
0,32,9,0,0,0,0,0,0,0,0,0,0,50,0.98,0,0,0,0,50,1,1,1,50,1,0,0,1,0,1,0,0,0,0,1,0,0,1,0,0,1,0,0,0,0,0,1,0,1,0,0,1,0,50,0,0,0,0,0
0,24,18,3045.454545,11,3.727272727,11,33500,41,0,0,0,0,12330,0.08,51960,192,24870,69,7693.333333,12,11.83333333,12,92380,144,0,1,0,0,0,0,0,0,1,1,0,0,0,1,0,1,0,0,0,0,1,0,0,1,0,1,0,0,91037.77775,11351.23967,817.073171,270.625,360.434783,0
0,37,33,1400,3,1,3,4200,3,0,0,0,0,10000,0.88,10000,1,10000,1,4018,5,0.8,5,20090,4,0,0,0,1,1,0,0,0,0,0,1,0,1,0,0,1,0,0,0,0,1,0,0,1,0,1,0,0,3214.4,1400,1400,10000,10000,0
0,34,36,4457.142857,7,2.285714286,7,31200,16,0,0,0,0,27800,0.44,25660,4,0,0,10110.83333,12,4,12,121370,48,0,1,0,0,1,0,0,0,0,1,0,0,1,0,0,1,0,0,0,0,1,0,0,0,1,1,0,0,40443.33332,10187.7551,1950,6415,0,0
0,29,48,0,0,0,0,0,0,0,0,0,0,15260,0.35,64320,63,30960,24,5770,12,5.083333333,12,69300,63,0,1,0,0,1,0,0,0,0,0,0,1,1,0,0,1,0,0,0,0,1,0,0,0,1,0,0,1,29330.83333,0,0,1020.952381,1290,0
0,23,29,1560,5,1.2,5,7800,6,0,0,0,0,9480,0.33,12170,154,12420,33,2204.545455,11,12.72727273,11,24280,145,0,0,0,1,0,1,0,0,0,1,0,0,0,0,1,1,0,0,0,0,1,0,0,1,0,0,1,0,28057.85125,1872,1300,79.025974,376.363636,0
0,43,40,0,0,0,0,0,0,0,0,0,0,4500,0.65,-82450,15,4500,3,1325,8,0.875,8,10620,7,0,0,0,1,0,0,0,0,1,1,0,0,0,1,0,1,0,0,0,0,0,1,0,0,1,0,1,0,1159.375,0,0,-5496.666667,1500,0
0,43,7,0,0,0,0,0,0,0,0,0,1,0,0.96,0,0,0,1,0,2,1,2,0,2,0,1,0,0,1,0,0,0,0,1,0,0,1,0,0,1,0,0,0,0,0,1,0,1,0,1,0,0,0,0,0,0,0,1
0,57,49,1650,4,1,4,6600,4,0,0,0,0,17590,0.63,12080,21,48560,8,7210.833333,12,1.333333333,12,86610,15,0,1,0,0,1,0,0,0,0,0,1,0,1,0,0,1,0,0,0,0,0,1,0,1,0,1,0,0,9614.444442,1650,1650,575.238095,6070,0
0,30,4,0,0,0,0,0,0,0,0,0,0,200,0.98,0,0,0,0,200,1,1,1,200,1,0,1,0,0,1,0,0,0,0,1,0,0,1,0,0,1,0,0,0,0,1,0,0,1,0,0,1,0,200,0,0,0,0,0
0,43,8,8000,1,2,1,8000,2,0,0,0,0,52010,0.94,0,0,0,0,26005,2,2.5,2,52010,5,0,1,0,0,1,0,0,0,0,0,1,0,0,0,1,1,0,0,0,1,0,0,0,0,1,0,1,0,65012.5,16000,4000,0,0,0
0,36,3,0,0,0,0,0,0,0,0,0,0,3810,0.92,9350,4,0,0,3810,3,1,3,11440,3,0,1,0,0,0,0,1,0,0,1,0,0,1,0,0,1,0,0,1,0,0,0,0,1,0,1,0,0,3810,0,0,2337.5,0,0
0,40,46,0,0,0,0,0,0,0,0,0,0,50000,0.35,-41430,32,-119590,11,23128.33333,12,8.083333333,12,277610,98,0,1,0,0,0,0,1,0,0,1,0,0,1,0,0,1,0,0,0,0,1,0,0,0,1,1,0,0,186954.0277,0,0,-1294.6875,-10871.81818,0
0,55,30,0,0,0,0,0,0,0,0,0,0,1000,0.98,0,0,0,0,1000,1,1,1,1000,1,0,1,0,0,0,0,0,1,0,0,0,1,1,0,0,1,0,0,0,1,0,0,0,0,1,0,0,1,1000,0,0,0,0,0
0,35,30,8800,1,3,1,8800,3,0,0,0,0,14350,0.38,-79080,84,30280,17,11030.83333,12,7.25,12,132480,87,0,0,1,0,0,1,0,0,0,0,1,0,1,0,0,1,0,0,0,0,1,0,0,0,1,0,0,1,79973.54164,26400,2933.333333,-941.428571,1781.176471,0
0,29,2,700,1,2,1,700,2,0,0,0,0,0,0.98,0,0,0,0,0,1,0,1,0,0,0,1,0,0,0,1,0,0,0,1,0,0,1,0,0,1,0,0,0,0,0,1,0,0,1,0,0,1,0,1400,350,0,0,0
0,43,14,0,0,0,0,0,0,0,0,0,0,380,0.96,0,0,0,0,310,2,1.5,2,620,3,0,0,0,1,0,1,0,0,0,0,1,0,1,0,0,1,0,0,0,0,1,0,0,1,0,0,0,1,465,0,0,0,0,0
0,31,62,5000,1,2,1,5000,2,0,0,0,0,100660,0.52,210580,87,79720,36,26320,8,10.75,8,210580,87,0,1,0,0,0,0,1,0,0,1,0,0,0,1,0,1,0,0,0,0,0,1,0,1,0,1,0,0,282940,10000,2500,2420.45977,2214.444444,0
0,26,55,4416.666667,6,1.5,6,26500,9,0,0,0,0,44230,0.71,8520,12,0,0,8871.111111,9,2,9,79840,18,0,1,0,0,0,0,0,1,0,0,0,1,1,0,0,1,0,0,0,0,1,0,0,1,0,1,0,0,17742.22222,6625,2944.444444,710,0,0
0,28,52,0,0,0,0,0,0,0,0,0,0,7660,0.71,5000,61,12610,32,6440,12,3.083333333,12,77320,36,0,1,0,0,1,0,0,0,0,1,0,0,0,0,1,1,0,0,0,0,1,0,0,1,0,0,1,0,19856.66667,0,0,81.967213,394.0625,0
0,53,53,4000,4,1.5,4,16000,6,1,0,0,1,7100,0.46,31670,39,13870,15,4221.25,8,5.625,8,33800,45,0,1,0,0,0,1,0,0,0,0,0,1,0,1,0,1,0,0,0,0,1,0,0,1,0,1,0,0,23744.53125,6000,2666.666667,812.051282,924.666667,2
0,35,20,833.3333333,3,1,3,2500,3,0,0,0,0,52730,0.65,113700,4,7000,1,15315,8,1.875,8,122540,15,0,0,0,1,1,0,0,0,0,1,0,0,1,0,0,1,0,0,0,0,1,0,0,1,0,0,1,0,28715.625,833.333333,833.333333,28425,7000,0
0,31,26,0,0,0,0,0,0,0,0,0,0,0,0.96,0,1,0,0,0,1,0,1,0,0,0,0,1,0,0,0,1,0,0,1,0,0,1,0,0,1,0,0,0,0,0,1,0,0,1,0,0,1,0,0,0,0,0,0
0,31,44,0,0,0,0,0,0,0,0,0,0,40000,0.58,27610,8,50170,5,12940,10,2.8,10,129420,27,0,1,0,0,0,1,0,0,0,0,0,1,0,1,0,1,0,0,0,0,1,0,0,0,1,0,1,0,36232,0,0,3451.25,10034,0
0,31,35,0,0,0,0,0,0,0,0,0,0,70,0.9,-47820,24,0,0,23.33333333,3,0.333333333,3,70,1,0,0,1,0,1,0,0,0,0,1,0,0,0,0,1,1,0,0,0,0,1,0,0,1,0,0,1,0,7.777778,0,0,-1992.5,0,0
0,30,4,0,0,0,0,0,0,0,0,0,0,0,0.98,0,1,0,1,0,0,0,0,0,0,0,1,0,0,1,0,0,0,0,1,0,0,1,0,0,1,0,0,1,0,0,0,0,0,1,0,0,1,0,0,0,0,0,0
0,31,11,333.3333333,3,1,3,1000,3,0,0,0,0,0,0.52,-64940,45,-2890,8,0,8,0,8,0,0,0,1,0,0,0,0,1,0,0,0,1,0,1,0,0,1,0,0,0,0,1,0,0,1,0,0,1,0,0,333.333333,333.333333,-1443.111111,-361.25,0
0,32,19,0,0,0,0,0,0,0,0,0,0,0,0,0,0,0,0,0,0,0,0,0,0,0,0,1,0,1,0,0,0,0,1,0,0,1,0,0,1,0,0,0,0,1,0,0,1,0,1,0,0,0,0,0,0,0,0
0,36,79,2612.5,8,2.125,8,20900,17,0,0,0,0,19700,0.21,-3376840,225,-862170,75,4775.833333,12,2.333333333,12,57350,28,0,1,0,0,0,0,0,1,0,0,0,1,1,0,0,1,0,0,0,0,1,0,0,1,0,1,0,0,11143.61111,5551.5625,1229.411765,-15008.17778,-11495.6,0
0,46,6,0,0,0,0,0,0,0,0,0,0,16000,0.87,12520,12,120,1,4240,4,1.75,4,16960,7,0,0,1,0,1,0,0,0,0,1,0,0,1,0,0,1,0,0,0,0,1,0,0,0,1,0,1,0,7420,0,0,1043.333333,120,0
0,40,27,400,1,1,1,400,1,0,0,0,0,950,0.63,-1420,27,2490,6,316.6666667,9,1.444444444,9,2870,12,0,1,0,0,0,0,0,0,1,0,1,0,1,0,0,1,0,0,0,0,1,0,0,1,0,0,1,0,457.407407,400,400,-52.592593,415,0
0,46,35,0,0,0,0,0,0,0,0,0,0,14360,0.42,-30120,57,31260,12,5106.666667,12,2,12,61300,24,0,1,0,0,0,1,0,0,0,0,1,0,1,0,0,1,0,0,0,0,1,0,0,1,0,0,1,0,10213.33333,0,0,-528.421053,2605,0
0,26,14,200,1,1,1,200,1,0,0,0,0,0,0.98,0,0,0,0,0,1,0,1,0,0,0,1,0,0,0,0,1,0,0,1,0,0,0,1,0,1,0,1,0,0,0,0,0,1,0,1,0,0,0,200,200,0,0,0
0,47,22,1950,2,1.5,2,3900,3,0,0,0,0,6810,0.87,0,0,0,0,3154,5,1,5,15770,5,0,1,0,0,1,0,0,0,0,1,0,0,1,0,0,1,0,0,0,0,1,0,0,0,1,0,1,0,3154,2925,1300,0,0,0
0,52,3,0,0,0,0,0,0,0,0,0,0,390,0.96,0,3,0,0,195,2,0.5,2,390,1,0,0,0,1,0,0,1,0,0,0,1,0,1,0,0,1,0,0,0,0,1,0,0,1,0,0,0,1,97.5,0,0,0,0,0
0,38,9,4160,5,2,5,20800,10,0,0,0,0,2360,0.73,-2970,1,0,0,337.5,8,0.5,8,2700,4,0,0,0,1,1,0,0,0,0,1,0,0,1,0,0,1,0,0,0,0,0,1,0,1,0,0,1,0,168.75,8320,2080,-2970,0,0
0,32,3,0,0,0,0,0,0,0,0,0,0,1620,0.98,0,0,0,0,1620,1,1,1,1620,1,0,0,0,1,0,0,1,0,0,1,0,0,1,0,0,1,0,0,0,0,1,0,0,1,0,0,1,0,1620,0,0,0,0,0
0,23,39,500,2,1.5,2,1000,3,0,0,0,0,29940,0.38,38210,120,34670,39,8570,10,8.6,10,85740,87,0,0,1,0,1,0,0,0,0,1,0,0,1,0,0,1,0,0,0,0,1,0,0,1,0,0,1,0,73702,750,333.333333,318.416667,888.974359,0
0,30,73,0,0,0,0,0,0,0,0,0,0,200,0.96,200,1,0,0,200,1,1,1,200,1,0,1,0,0,0,0,0,0,1,1,0,0,1,0,0,1,0,0,0,0,1,0,0,0,1,0,1,0,200,0,0,200,0,0
0,30,9,1000,1,1,1,1000,1,0,0,0,0,250,0.96,0,0,0,0,125,2,1,2,250,2,0,0,1,0,0,0,1,0,0,1,0,0,1,0,0,1,0,0,0,0,1,0,0,0,1,0,1,0,125,1000,1000,0,0,0
0,45,2,0,0,0,0,0,0,0,0,0,0,40000,0.96,0,0,0,0,40000,1,2,1,40000,2,0,0,1,0,0,0,1,0,0,0,1,0,1,0,0,1,0,1,0,0,0,0,0,1,0,1,0,0,80000,0,0,0,0,0
0,29,18,200,1,1,1,200,1,0,0,0,0,310,0.94,0,0,0,0,310,1,3,1,310,3,0,1,0,0,0,0,0,1,0,0,1,0,1,0,0,1,0,0,0,0,1,0,0,0,1,0,0,1,930,200,200,0,0,0
0,44,68,500,1,1,1,500,1,0,0,0,0,4840,0.87,-13860,9,-17710,7,1210,4,0.25,4,4840,1,0,0,0,1,0,1,0,0,0,1,0,0,1,0,0,1,0,0,0,0,1,0,0,1,0,1,0,0,302.5,500,500,-1540,-2530,0
0,51,81,850,4,1.5,4,3400,6,0,0,0,0,0,0.9,0,0,0,0,0,4,0,4,0,0,0,0,0,1,0,1,0,0,0,1,0,0,1,0,0,1,0,0,1,0,0,0,0,1,0,1,0,0,0,1275,566.666667,0,0,0
0,24,12,790,10,3.5,10,7900,35,0,0,0,0,10610,0.38,9300,33,8780,7,2611.818182,11,5.454545455,11,28770,63,0,0,1,0,0,0,1,0,0,1,0,0,1,0,0,1,0,0,0,0,0,1,0,1,0,0,1,0,14246.28099,2765,225.714286,281.818182,1254.285714,0
0,47,14,0,0,0,0,0,0,0,0,0,0,1770,0.73,4870,9,1320,3,1232,5,3,5,6170,15,0,1,0,0,1,0,0,0,0,0,1,0,1,0,0,1,0,0,0,0,1,0,0,1,0,0,1,0,3696,0,0,541.111111,440,0
0,29,14,1800,9,2.777777778,9,16200,25,0,0,0,0,340,0.6,-2940,7,0,5,30.90909091,11,0.090909091,11,340,1,0,1,0,0,1,0,0,0,0,0,1,0,1,0,0,1,0,0,0,1,0,0,0,1,0,0,1,0,2.809917,5000,648,-420,0,0
0,32,22,1381.818182,11,2.090909091,11,15200,23,0,0,0,0,30260,0.38,54550,3,-97440,15,4545.833333,12,0.25,12,54550,3,0,1,0,0,0,1,0,0,0,0,0,1,1,0,0,0,1,0,0,0,1,0,0,1,0,0,1,0,1136.458333,2889.256199,660.869565,18183.33333,-6496,0
0,33,30,0,0,0,0,0,0,0,0,0,0,380,0.98,380,1,0,0,380,1,1,1,380,1,0,1,0,0,0,0,1,0,0,1,0,0,0,0,1,1,0,0,0,0,1,0,0,1,0,0,1,0,380,0,0,380,0,0
0,28,72,4348.333333,6,2.833333333,6,26090,17,0,0,0,0,4380,0.5,6310,12,4790,10,1085.454545,11,2.454545455,11,11970,27,0,0,1,0,0,1,0,0,0,1,0,0,1,0,0,1,0,0,0,0,1,0,0,0,1,1,0,0,2664.29752,12320.27778,1534.705882,525.833333,479,0
0,28,6,0,0,0,0,0,0,0,0,0,0,210,0.94,0,1,0,1,105,2,1,2,210,2,0,0,1,0,0,1,0,0,0,0,1,0,1,0,0,0,1,0,0,0,1,0,0,1,0,0,0,1,105,0,0,0,0,0
0,23,35,0,0,0,0,0,0,0,0,0,0,6390,0.04,-388010,195,12240,9,3366.666667,12,5.416666667,12,40450,63,0,0,1,0,1,0,0,0,0,0,0,1,0,0,1,1,0,0,0,0,1,0,0,1,0,0,0,1,18236.11111,0,0,-1989.794872,1360,0
0,43,38,0,0,0,0,0,0,0,0,0,0,0,0,0,0,0,0,0,0,0,0,0,0,0,1,0,0,0,1,0,0,0,1,0,0,0,0,1,1,0,0,0,0,0,1,0,1,0,0,1,0,0,0,0,0,0,0
0,27,47,1237.5,8,2.125,8,9900,17,1,0,0,0,30920,0.35,16720,102,27220,18,4600.833333,12,7.583333333,12,55270,93,0,1,0,0,0,0,0,1,0,1,0,0,1,0,0,1,0,0,0,0,1,0,0,1,0,0,1,0,34889.65277,2629.6875,582.352941,163.921569,1512.222222,1
0,28,46,1072.727273,11,3.727272727,11,11800,41,0,0,0,0,29250,0.17,-352550,201,0,0,2676.666667,12,2.416666667,12,32130,30,0,0,0,1,0,1,0,0,0,1,0,0,1,0,0,1,0,0,0,0,1,0,0,0,1,1,0,0,6468.611113,3998.347108,287.804878,-1753.9801,0,0
0,33,75,0,0,0,0,0,0,0,0,0,0,250,0.98,0,0,0,0,250,1,1,1,250,1,0,1,0,0,0,1,0,0,0,0,1,0,1,0,0,1,0,0,0,0,1,0,0,0,1,0,1,0,250,0,0,0,0,0
0,58,33,0,0,0,0,0,0,1,0,0,0,0,0.98,0,0,0,0,0,0,0,0,0,0,0,0,1,0,0,0,0,1,0,1,0,0,1,0,0,1,0,0,0,0,0,1,0,1,0,0,1,0,0,0,0,0,0,1
0,24,23,671.4285714,7,1.428571429,7,4700,10,0,0,0,0,4490,0.52,-5110,30,410,8,796.3636364,11,3.454545455,11,8810,36,0,1,0,0,0,0,0,1,0,0,0,1,1,0,0,0,1,0,0,0,1,0,0,0,1,0,0,1,2751.074381,959.183674,470,-170.333333,51.25,0
0,32,48,5075,4,2.5,4,20300,10,1,1,1,0,3210,0.54,-53480,30,7280,6,1173.333333,12,1.333333333,12,14110,15,0,1,0,0,1,0,0,0,0,1,0,0,1,0,0,1,0,0,0,0,1,0,0,1,0,0,0,1,1564.444444,12687.5,2030,-1782.666667,1213.333333,3
0,24,12,2775,4,2.75,4,11100,11,0,0,0,0,400,0.87,0,0,0,0,160,5,0.8,5,800,4,0,1,0,0,0,0,1,0,0,1,0,0,0,0,1,1,0,0,0,1,0,0,0,1,0,0,0,1,128,7631.25,1009.090909,0,0,0
0,21,3,0,0,0,0,0,0,0,0,0,0,400,0.94,300,1,300,1,255,2,1.5,2,510,3,0,1,0,0,0,0,1,0,0,0,1,0,1,0,0,0,1,0,0,1,0,0,0,0,1,1,0,0,382.5,0,0,300,300,0
0,39,50,2225,4,2.25,4,8900,9,0,0,0,0,108410,0.33,236870,90,220850,39,22080,12,6.666666667,12,264990,81,0,1,0,0,0,1,0,0,0,1,0,0,1,0,0,1,0,0,0,0,1,0,0,0,1,1,0,0,147200,5006.25,988.888889,2631.888889,5662.820513,0
0,30,2,0,0,0,0,0,0,0,0,0,0,0,0.87,-227820,117,0,0,0,2,0,2,0,0,0,0,1,0,1,0,0,0,0,1,0,0,1,0,0,1,0,0,0,0,1,0,0,1,0,0,1,0,0,0,0,-1947.179487,0,0
0,46,36,0,0,0,0,0,0,0,0,0,0,0,0,0,0,0,0,0,0,0,0,0,0,0,1,0,0,0,1,0,0,0,1,0,0,1,0,0,1,0,0,0,0,1,0,0,1,0,1,0,0,0,0,0,0,0,0
0,44,2,40,1,1,1,40,1,0,0,0,0,100,0.94,0,1,0,1,50,2,0.5,2,100,1,0,0,0,1,0,0,0,0,1,1,0,0,1,0,0,1,0,0,0,0,1,0,0,1,0,0,1,0,25,40,40,0,0,0
0,28,9,100,3,1,3,300,3,1,0,0,0,3940,0.37,-107220,204,0,0,1372.222222,9,1.666666667,9,12380,15,0,0,1,0,1,0,0,0,0,0,1,0,1,0,0,1,0,0,0,0,1,0,0,1,0,0,0,1,2287.037037,100,100,-525.588235,0,1
0,41,20,300,1,1,1,300,1,0,0,0,0,3600,0.88,0,0,0,0,2255,4,1.25,4,9020,5,0,0,1,0,0,1,0,0,0,0,0,1,1,0,0,1,0,0,0,1,0,0,0,1,0,0,1,0,2818.75,300,300,0,0,0
0,35,79,14412.5,8,3.125,8,115300,25,0,0,0,0,33100,0.15,-1255230,177,-786850,93,9603.333333,12,1.5,12,115250,18,0,1,0,0,0,1,0,0,0,1,0,0,1,0,0,1,0,0,0,0,1,0,0,1,0,0,1,0,14405,45039.0625,4612,-7091.694915,-8460.752688,0
0,41,6,0,0,0,0,0,0,0,0,0,0,8920,0.83,-15620,15,5530,1,4160,3,2,3,12490,6,0,0,1,0,1,0,0,0,0,0,0,1,0,0,1,1,0,0,0,0,1,0,0,0,1,1,0,0,8320,0,0,-1041.333333,5530,0
0,39,31,0,0,0,0,0,0,0,0,0,0,0,0,0,0,0,0,0,0,0,0,0,0,0,1,0,0,1,0,0,0,0,1,0,0,1,0,0,1,0,0,0,0,1,0,0,1,0,0,0,1,0,0,0,0,0,0
0,34,30,2500,3,1.333333333,3,7500,4,0,0,0,0,7340,0.56,-107010,12,21120,9,2697,10,2.8,10,27000,27,0,0,1,0,1,0,0,0,0,1,0,0,0,0,1,1,0,0,0,0,1,0,0,1,0,1,0,0,7551.6,3333.333332,1875,-8917.5,2346.666667,0
0,41,26,0,0,0,0,0,0,0,0,0,0,2760,0.96,2760,1,0,0,1380,2,1,2,2760,2,0,0,1,0,1,0,0,0,0,1,0,0,0,1,0,1,0,0,1,0,0,0,0,0,1,0,1,0,1380,0,0,2760,0,0
0,56,3,0,0,0,0,0,0,1,0,0,1,2000,0.98,2000,1,0,0,2000,1,1,1,2000,1,0,0,1,0,1,0,0,0,0,0,1,0,0,1,0,1,0,0,0,0,1,0,0,1,0,1,0,0,2000,0,0,2000,0,2
0,47,23,0,0,0,0,0,0,0,0,1,0,0,0,0,0,0,0,0,0,0,0,0,0,0,0,0,1,1,0,0,0,0,0,0,1,1,0,0,0,1,0,0,0,1,0,0,0,1,0,1,0,0,0,0,0,0,1
0,33,22,0,0,0,0,0,0,0,0,0,0,2750,0.87,-7700,15,3050,4,1360,3,1.666666667,3,4080,5,0,1,0,0,0,0,1,0,0,1,0,0,1,0,0,1,0,0,0,1,0,0,0,1,0,1,0,0,2266.666667,0,0,-513.333333,762.5,0
0,37,37,200,1,1,1,200,1,0,0,0,0,20200,0.63,-36820,18,-14820,6,2715,8,1.125,8,21730,9,0,0,0,1,0,0,1,0,0,0,1,0,1,0,0,1,0,0,0,0,1,0,0,1,0,0,1,0,3054.375,200,200,-2045.555556,-2470,0
0,35,83,0,0,0,0,0,0,0,0,0,0,38250,0.02,86800,342,101830,144,16379.16667,12,14.66666667,12,196600,180,0,1,0,0,1,0,0,0,0,0,0,1,1,0,0,1,0,0,0,0,1,0,0,1,0,0,1,0,240227.7779,0,0,253.80117,707.152778,0
0,33,23,500,1,1,1,500,1,0,0,0,0,0,0.56,-113700,39,0,0,0,11,0,11,0,0,0,0,1,0,0,0,0,1,0,0,1,0,1,0,0,1,0,0,0,0,0,1,0,0,1,1,0,0,0,500,500,-2915.384615,0,0
0,44,47,6500,1,3,1,6500,3,0,0,0,0,742610,0.5,2158780,186,5710,9,216387,10,17.9,10,2163900,183,0,1,0,0,0,0,0,0,1,1,0,0,1,0,0,1,0,0,0,1,0,0,0,0,1,0,0,1,3873327.3,19500,2166.666667,11606.34409,634.444444,0
0,28,12,500,1,1,1,500,1,0,0,0,0,2040,0.9,1280,4,160,2,882,5,0.6,5,4420,3,0,0,1,0,0,1,0,0,0,0,1,0,1,0,0,1,0,0,0,0,1,0,0,1,0,0,1,0,529.2,500,500,320,80,0
0,33,44,0,0,0,0,0,0,0,0,0,0,2500,0.85,2820,9,0,0,470,6,1.666666667,6,2830,10,0,1,0,0,1,0,0,0,0,0,0,1,1,0,0,1,0,0,0,0,1,0,0,1,0,1,0,0,783.333333,0,0,313.333333,0,0
0,31,2,0,0,0,0,0,0,0,0,0,1,0,0.98,0,0,0,1,0,1,2,1,0,2,0,0,0,1,0,1,0,0,0,1,0,0,1,0,0,1,0,0,1,0,0,0,0,1,0,0,1,0,0,0,0,0,0,1
0,30,36,0,0,0,0,0,0,0,0,0,0,50,0.9,-2550,3,0,0,16.66666667,3,0.333333333,3,50,1,0,1,0,0,0,1,0,0,0,0,0,1,1,0,0,1,0,0,1,0,0,0,0,1,0,1,0,0,5.555556,0,0,-850,0,0
0,33,27,0,0,0,0,0,0,0,0,0,1,0,0.98,0,0,0,0,0,0,0,0,0,0,0,1,0,0,0,0,0,1,0,1,0,0,0,1,0,1,0,0,0,0,1,0,0,0,1,0,1,0,0,0,0,0,0,1
0,26,0,0,0,0,0,0,0,0,0,0,0,92200,0.12,131600,620,123100,190,27700,12,24.91666667,12,332800,340,0,1,0,0,0,0,1,0,0,1,0,0,1,0,0,1,0,0,0,0,1,0,0,0,1,0,1,0,690191.6668,0,0,212.258065,647.894737,0
0,35,85,5000,4,1.75,4,20000,7,1,1,0,1,110490,0,-990660,426,80030,57,55609.16667,12,14.91666667,12,667360,189,0,1,0,0,1,0,0,0,0,0,0,1,1,0,0,1,0,0,0,0,1,0,0,1,0,0,1,0,829503.403,8750,2857.142857,-2325.492958,1404.035088,3
0,29,10,0,0,0,0,0,0,0,0,0,0,6790,0.5,10950,30,13030,12,2613.333333,9,2.111111111,9,23550,18,0,0,0,1,0,0,1,0,0,0,1,0,1,0,0,1,0,0,1,0,0,0,0,1,0,1,0,0,5517.037036,0,0,365,1085.833333,0
0,24,17,0,0,0,0,0,0,0,0,0,0,380,0.88,-930,3,0,0,100,4,1.25,4,410,5,0,1,0,0,1,0,0,0,0,0,1,0,1,0,0,1,0,0,0,1,0,0,0,1,0,0,0,1,125,0,0,-310,0,0
0,27,14,1000,1,1,1,1000,1,0,0,0,0,690,0.69,5170,18,2930,10,466.3636364,11,1.545454545,11,5170,15,0,0,1,0,0,1,0,0,0,0,1,0,0,1,0,1,0,0,0,0,0,1,0,1,0,0,1,0,720.743801,1000,1000,287.222222,293,0
0,36,17,0,0,0,0,0,0,0,0,0,0,0,0,0,0,0,0,0,0,0,0,0,0,0,0,0,1,1,0,0,0,0,1,0,0,0,1,0,1,0,0,0,0,1,0,0,0,1,0,1,0,0,0,0,0,0,0
0,33,38,0,0,0,0,0,0,0,0,0,0,672240,0.23,1028100,84,1792500,42,197894.1667,12,4.333333333,12,2374740,51,0,0,1,0,0,1,0,0,0,0,0,1,1,0,0,1,0,0,0,0,1,0,0,1,0,0,0,1,857541.389,0,0,12239.28571,42678.57143,0
0,52,2,0,0,0,0,0,0,0,0,0,0,0,0.98,0,0,0,0,0,1,1,1,0,1,0,0,1,0,1,0,0,0,0,1,0,0,1,0,0,1,0,0,0,1,0,0,0,0,1,0,1,0,0,0,0,0,0,0
0,24,12,1733.333333,9,3.444444444,9,15600,31,0,0,0,0,10000,0.42,-201890,93,0,0,833.3333333,12,0.083333333,12,10000,1,0,1,0,0,1,0,0,0,0,0,1,0,1,0,0,1,0,0,0,0,1,0,0,1,0,1,0,0,69.444444,5970.370368,503.225806,-2170.860215,0,0
0,29,2,300,1,1,1,300,1,0,0,0,0,0,0.98,0,0,0,0,0,1,0,1,0,0,0,1,0,0,1,0,0,0,0,1,0,0,0,1,0,1,0,0,0,0,0,1,0,1,0,0,0,1,0,300,300,0,0,0
0,33,19,300,2,1.5,2,600,3,0,0,0,0,140,0.88,-1090,2,0,0,28,5,0.2,5,140,1,0,0,1,0,0,0,1,0,0,1,0,0,1,0,0,1,0,0,0,0,1,0,0,0,1,0,0,1,5.6,450,200,-545,0,0
0,40,0,0,0,0,0,0,0,0,0,0,0,8600,0.56,-8000,50,9600,30,2987.5,8,3.75,8,24200,30,0,1,0,0,0,1,0,0,0,0,0,1,1,0,0,1,0,0,0,0,1,0,0,1,0,0,1,0,11203.125,0,0,-160,320,0
0,23,32,384.2857143,7,4.142857143,7,2690,29,0,0,0,0,13700,0.31,12870,66,8160,12,4351.818182,11,7.363636364,11,47930,84,0,1,0,0,0,0,0,0,1,1,0,0,0,0,1,1,0,0,0,0,0,1,0,1,0,0,1,0,32045.20661,1592.040816,92.758621,195,680,0
0,24,8,0,0,0,0,0,0,0,0,0,0,260,0.88,1340,5,260,1,228.3333333,6,1,6,1410,6,0,0,1,0,1,0,0,0,0,1,0,0,1,0,0,1,0,0,0,1,0,0,0,1,0,1,0,0,228.333333,0,0,268,260,0
0,53,10,0,0,0,0,0,0,0,0,0,0,9650,0.4,-702550,201,14150,3,1572.222222,9,0.333333333,9,14150,3,0,0,0,1,0,1,0,0,0,1,0,0,0,1,0,1,0,1,0,0,0,0,0,1,0,0,1,0,524.074073,0,0,-3495.273632,4716.666667,0
0,31,25,2200,1,2,1,2200,2,0,0,0,0,170,0.88,0,5,0,2,63.33333333,3,1.333333333,3,190,4,0,1,0,0,1,0,0,0,0,1,0,0,1,0,0,1,0,0,0,1,0,0,0,1,0,0,0,1,84.444444,4400,1100,0,0,0
0,36,11,0,0,0,0,0,0,0,0,0,0,20,0.96,20,1,20,1,10,2,0.5,2,20,1,0,0,1,0,1,0,0,0,0,1,0,0,1,0,0,1,0,0,0,1,0,0,0,0,1,0,0,1,5,0,0,20,20,0
0,30,11,200,1,1,1,200,1,0,0,0,0,9780,0.54,18150,42,23990,24,3211.111111,9,3.666666667,9,28920,33,0,0,1,0,0,1,0,0,0,1,0,0,1,0,0,1,0,0,0,0,1,0,0,1,0,0,0,1,11774.07408,200,200,432.142857,999.583333,0
0,29,12,1766.666667,9,3.444444444,9,15900,31,0,0,0,0,28460,0.21,-174760,174,77050,30,11227.27273,11,5.454545455,11,123550,60,0,1,0,0,0,0,0,0,1,1,0,0,1,0,0,1,0,0,0,0,1,0,0,0,1,1,0,0,61239.66944,6085.185186,512.903226,-1004.367816,2568.333333,0
0,31,41,0,0,0,0,0,0,0,0,0,0,6070,0.96,-91920,4,0,0,3035,2,0.5,2,6070,1,0,0,1,0,1,0,0,0,0,0,0,1,0,1,0,1,0,0,0,0,0,1,0,0,1,0,0,1,1517.5,0,0,-22980,0,0
0,35,41,0,0,0,0,0,0,0,0,0,0,0,0.98,0,1,0,0,0,0,0,0,0,0,0,0,1,0,0,1,0,0,0,0,0,1,1,0,0,1,0,0,0,0,1,0,0,0,1,1,0,0,0,0,0,0,0,0
0,32,13,1233.333333,3,1.333333333,3,3700,4,0,0,0,0,9710,0.87,0,0,0,0,2872,5,1,5,14370,5,0,0,0,1,0,1,0,0,0,1,0,0,1,0,0,1,0,0,0,0,0,1,0,0,1,0,0,1,2872,1644.444444,925,0,0,0
0,32,28,0,0,0,0,0,0,0,0,0,0,0,0.98,0,0,0,0,0,1,0,1,0,0,0,1,0,0,1,0,0,0,0,0,0,1,1,0,0,0,1,0,0,0,1,0,0,0,1,0,1,0,0,0,0,0,0,0
0,40,5,0,0,0,0,0,0,0,0,0,1,1100,0.98,0,0,0,0,1100,1,1,1,1100,1,0,0,1,0,1,0,0,0,0,0,1,0,1,0,0,1,0,0,0,0,0,1,0,1,0,0,0,1,1100,0,0,0,0,1
0,36,79,7962.5,8,2.5,8,63700,20,0,0,0,0,203810,0.46,0,1,220,2,69376.66667,12,6,12,832560,74,0,1,0,0,1,0,0,0,0,0,1,0,1,0,0,1,0,0,0,0,1,0,0,0,1,1,0,0,416260,19906.25,3185,0,110,0
0,39,18,1611.111111,9,1.222222222,9,14500,11,0,0,0,0,91200,0.65,-990,2,0,0,11461,10,0.9,10,114620,9,0,1,0,0,0,0,1,0,0,1,0,0,1,0,0,1,0,0,0,0,1,0,0,1,0,0,1,0,10314.9,1969.135802,1318.181818,-495,0,0
0,28,34,1080,5,1.4,5,5400,7,0,0,0,0,37430,0.63,-16800,12,0,2,4220,9,0.777777778,9,38000,7,0,1,0,0,0,0,0,0,1,1,0,0,0,1,0,1,0,0,0,0,1,0,0,1,0,0,1,0,3282.222223,1512,771.428571,-1400,0,0
0,37,28,0,0,0,0,0,0,0,0,0,0,190,0.87,-16940,9,0,6,47.5,4,0.25,4,190,1,0,1,0,0,0,1,0,0,0,1,0,0,1,0,0,1,0,0,0,0,1,0,0,1,0,0,1,0,11.875,0,0,-1882.222222,0,0
0,27,7,850,4,1.75,4,3400,7,0,0,0,0,10700,0.67,2880,30,0,0,4661.666667,6,8.666666667,6,27990,51,0,0,1,0,1,0,0,0,0,1,0,0,0,1,0,1,0,0,0,0,1,0,0,1,0,0,0,1,40401.11112,1487.5,485.714286,96,0,0
0,30,48,0,0,0,0,0,0,0,0,0,0,7200,0.9,-37360,6,-8690,3,1478,5,0.6,5,7400,3,0,1,0,0,0,1,0,0,0,0,0,1,1,0,0,1,0,0,0,0,1,0,0,0,1,0,1,0,886.8,0,0,-6226.666667,-2896.666667,0
0,34,40,500,1,1,1,500,1,0,0,0,1,0,0.98,0,0,0,0,0,1,0,1,0,0,0,1,0,0,1,0,0,0,0,1,0,0,1,0,0,1,0,0,0,0,1,0,0,1,0,0,0,1,0,500,500,0,0,1
0,44,25,4560,1,1,1,4560,1,0,0,0,0,1100,0.83,-28460,10,20,1,186.6666667,6,0.5,6,1120,3,0,0,1,0,0,0,0,1,0,1,0,0,1,0,0,1,0,0,0,0,1,0,0,0,1,1,0,0,93.333333,4560,4560,-2846,20,0
0,28,16,1000,1,4,1,1000,4,0,0,0,0,0,0.98,0,0,0,0,0,1,0,1,0,0,0,0,1,0,1,0,0,0,0,1,0,0,0,1,0,1,0,0,0,0,0,1,0,0,1,0,0,1,0,4000,250,0,0,0
0,30,4,8466.666667,3,3.666666667,3,25400,11,0,0,0,0,29780,0.77,1960,60,18890,18,14176.66667,3,12.66666667,3,42540,39,0,1,0,0,0,0,0,0,1,1,0,0,1,0,0,1,0,0,0,0,0,1,0,1,0,1,0,0,179571.1112,31044.44445,2309.090909,32.666667,1049.444444,0
0,27,3,0,0,0,0,0,0,0,1,0,0,400,0.96,800,2,0,0,400,2,1,2,800,2,0,0,1,0,0,0,0,1,0,0,1,0,1,0,0,1,0,0,0,1,0,0,0,1,0,0,1,0,400,0,0,400,0,1
0,55,6,1933.333333,3,1,3,5800,3,0,0,0,0,13560,0.83,15060,42,0,0,3765,4,10.25,4,15060,39,0,1,0,0,0,1,0,0,0,0,1,0,1,0,0,1,0,0,0,0,1,0,0,0,1,0,1,0,38591.25,1933.333333,1933.333333,358.571429,0,0
0,35,76,5000,1,1,1,5000,1,0,0,0,0,31860,0.42,-95500,12,180,1,7271.818182,11,1.090909091,11,80020,12,0,0,1,0,0,1,0,0,0,0,1,0,1,0,0,1,0,0,0,0,1,0,0,0,1,1,0,0,7932.892563,5000,5000,-7958.333333,180,0
0,26,8,0,0,0,0,0,0,0,0,0,0,360,0.94,280,2,0,0,213.3333333,3,1.333333333,3,640,4,0,1,0,0,0,1,0,0,0,1,0,0,0,0,1,1,0,0,0,0,0,1,0,1,0,0,1,0,284.444444,0,0,140,0,0
0,42,31,6562.5,8,3.5,8,52500,28,0,0,0,0,140,0.71,0,0,0,0,35,8,0.25,8,290,2,0,0,1,0,0,1,0,0,0,0,0,1,1,0,0,1,0,0,0,0,1,0,0,0,1,0,0,1,8.75,22968.75,1875,0,0,0
0,25,73,0,0,0,0,0,0,0,0,0,0,50,0.96,50,2,0,0,50,1,1,1,50,1,0,0,1,0,0,1,0,0,0,1,0,0,1,0,0,1,0,0,0,0,0,1,0,1,0,0,1,0,50,0,0,25,0,0
0,31,0,0,0,0,0,0,0,0,0,0,0,0,0,0,0,0,0,0,0,0,0,0,0,0,1,0,0,1,0,0,0,0,1,0,0,1,0,0,1,0,0,0,0,1,0,0,0,1,0,0,1,0,0,0,0,0,0
0,38,36,2450,6,1.5,6,14700,9,0,0,0,0,9350,0.46,-10170,54,15970,21,4278.333333,12,2.833333333,12,51370,36,0,1,0,0,0,0,0,1,0,0,1,0,1,0,0,1,0,0,0,0,1,0,0,0,1,1,0,0,12121.94444,3675,1633.333333,-188.333333,760.47619,0
0,37,24,0,0,0,0,0,0,0,0,0,0,0,0,0,0,0,0,0,0,0,0,0,0,0,0,0,1,1,0,0,0,0,1,0,0,1,0,0,1,0,0,0,0,1,0,0,0,1,0,1,0,0,0,0,0,0,0
0,30,39,0,0,0,0,0,0,0,0,0,0,5000,0.88,-2400,2,0,0,1275,4,1,4,5100,4,0,1,0,0,0,0,1,0,0,1,0,0,1,0,0,1,0,0,0,0,1,0,0,0,1,0,0,1,1275,0,0,-1200,0,0
0,29,55,100,1,1,1,100,1,0,0,0,0,900,0.9,900,1,900,1,300,5,1,5,1500,5,0,0,0,1,0,0,0,0,1,1,0,0,1,0,0,1,0,0,0,0,1,0,0,1,0,1,0,0,300,100,100,900,900,0
0,29,25,1000,1,1,1,1000,1,0,0,0,0,14480,0.06,-658730,234,69420,24,10730.83333,12,7.583333333,12,128820,93,0,1,0,0,0,1,0,0,0,1,0,0,1,0,0,1,0,0,0,0,0,1,0,0,1,1,0,0,81375.48608,1000,1000,-2815.08547,2892.5,0
0,29,48,6000,1,2,1,6000,2,1,0,0,0,9340,0.46,-137820,27,0,0,2754.166667,12,0.666666667,12,33060,8,0,1,0,0,0,1,0,0,0,0,0,1,0,0,1,1,0,0,0,0,1,0,0,0,1,0,1,0,1836.111112,12000,3000,-5104.444444,0,1
0,25,2,100,1,1,1,100,1,1,0,1,0,0,0.96,-4000,4,0,0,0,2,0,2,0,0,0,1,0,0,1,0,0,0,0,1,0,0,1,0,0,1,0,0,1,0,0,0,0,1,0,1,0,0,0,100,100,-1000,0,2
0,41,35,0,0,0,0,0,0,0,0,0,0,26360,0.58,20910,42,2150,10,5006.666667,9,4,9,45110,36,0,0,1,0,0,0,0,0,1,0,0,1,0,1,0,1,0,0,0,0,0,1,0,0,1,0,0,1,20026.66667,0,0,497.857143,215,0
0,41,64,1366.666667,3,1.666666667,3,4100,5,0,0,0,0,17580,0.48,55400,48,26830,12,5334.545455,11,4.181818182,11,58720,45,0,1,0,0,0,0,1,0,0,1,0,0,1,0,0,1,0,0,0,0,1,0,0,1,0,0,0,1,22308.09918,2277.777779,820,1154.166667,2235.833333,0
0,37,26,10780,10,4.1,10,107800,41,0,0,0,0,27550,0.4,-240280,48,-44580,7,16079,10,3.2,10,160810,33,0,1,0,0,1,0,0,0,0,1,0,0,1,0,0,1,0,0,0,0,1,0,0,1,0,0,0,1,51452.8,44198,2629.268293,-5005.833333,-6368.571429,0
0,39,31,1700,1,1,1,1700,1,0,0,0,0,23820,0.12,-995680,162,-530870,90,5786.666667,12,1.083333333,12,69500,12,0,0,1,0,1,0,0,0,0,1,0,0,1,0,0,1,0,0,0,0,1,0,0,1,0,1,0,0,6268.888887,1700,1700,-6146.17284,-5898.555556,0
0,26,24,0,0,0,0,0,0,0,0,0,0,2500,0.96,-2500,1,0,0,1250,2,1,2,2500,2,0,1,0,0,0,1,0,0,0,0,1,0,0,1,0,1,0,1,0,0,0,0,0,1,0,0,0,1,1250,0,0,-2500,0,0
0,28,9,1850,2,2,2,3700,4,0,0,0,0,74350,0.56,66090,84,11030,5,38796.25,8,8.375,8,310400,69,0,1,0,0,0,0,0,0,1,1,0,0,0,1,0,1,0,1,0,0,0,0,0,1,0,1,0,0,324918.5938,3700,925,786.785714,2206,0
0,34,32,500,1,1,1,500,1,0,0,0,0,13260,0.02,-1745320,306,15360,12,3776.666667,12,4.416666667,12,45370,51,0,0,1,0,1,0,0,0,0,0,0,1,1,0,0,1,0,0,0,0,1,0,0,1,0,0,1,0,16680.27778,500,500,-5703.660131,1280,0
0,52,19,2614.285714,7,2.285714286,7,18300,16,1,1,0,0,86940,0.56,22030,8,18190,6,12301.11111,9,2,9,110730,18,0,0,1,0,0,1,0,0,0,0,0,1,1,0,0,1,0,0,0,1,0,0,0,0,1,1,0,0,24602.22222,5975.510204,1143.75,2753.75,3031.666667,2
0,53,11,3500,2,1.5,2,7000,3,0,0,0,0,11220,0.83,-16800,21,-35000,2,8976,5,2.6,5,44910,12,0,0,0,1,0,1,0,0,0,1,0,0,1,0,0,1,0,0,0,0,1,0,0,1,0,1,0,0,23337.6,5250,2333.333333,-800,-17500,0
0,29,33,0,0,0,0,0,0,0,0,0,0,12000,0.94,15000,2,0,0,5013.333333,3,1.333333333,3,15040,4,0,0,1,0,0,0,0,0,1,1,0,0,1,0,0,1,0,0,0,0,1,0,0,1,0,1,0,0,6684.444442,0,0,7500,0,0
0,34,40,0,0,0,0,0,0,0,0,0,0,1060,0.15,-595260,159,2230,7,289.1666667,12,1.25,12,3500,15,0,0,1,0,1,0,0,0,0,0,1,0,0,1,0,1,0,0,0,0,1,0,0,0,1,1,0,0,361.458333,0,0,-3743.773585,318.571429,0
0,46,3,600,1,1,1,600,1,0,1,0,0,0,0.94,0,0,0,0,0,3,0,3,0,0,0,0,0,1,1,0,0,0,0,1,0,0,1,0,0,1,0,0,0,0,1,0,0,1,0,1,0,0,0,600,600,0,0,1
0,41,4,800,1,2,1,800,2,0,0,0,0,0,0.96,0,0,0,0,0,2,0.5,2,0,1,0,1,0,0,0,0,0,0,1,1,0,0,1,0,0,1,0,0,0,0,1,0,0,1,0,1,0,0,0,1600,400,0,0,0
0,46,12,0,0,0,0,0,0,0,0,0,0,3750,0.98,0,0,0,0,3750,1,1,1,3750,1,0,1,0,0,0,0,1,0,0,0,1,0,0,1,0,1,0,1,0,0,0,0,0,1,0,0,1,0,3750,0,0,0,0,0
0,24,3,1350,2,2,2,2700,4,0,0,0,0,1580,0.9,1300,2,0,3,850,2,3,2,1700,6,0,0,1,0,0,1,0,0,0,1,0,0,1,0,0,1,0,1,0,0,0,0,0,0,1,0,0,1,2550,2700,675,650,0,0
0,53,29,2991,10,2.5,10,29910,25,0,0,0,0,15930,0.12,-61980,114,-42780,27,6178.333333,12,5.083333333,12,74200,63,0,1,0,0,0,0,0,0,1,1,0,0,0,1,0,1,0,1,0,0,0,0,0,0,1,0,0,1,31406.52777,7477.5,1196.4,-543.684211,-1584.444444,0
0,39,25,1500,3,1,3,4500,3,0,0,0,0,13680,0.38,-20950,54,900,10,2840,10,2.1,10,28470,21,0,1,0,0,0,0,0,1,0,0,0,1,1,0,0,1,0,0,0,0,1,0,0,0,1,0,1,0,5964,1500,1500,-387.962963,90,0
0,25,34,0,0,0,0,0,0,0,0,0,0,0,0.9,-2700,15,0,10,0,1,0,1,0,0,0,0,0,1,1,0,0,0,0,1,0,0,0,0,1,1,0,1,0,0,0,0,0,1,0,0,1,0,0,0,0,-180,0,0
0,28,42,0,0,0,0,0,0,0,0,0,1,180,0.94,240,3,0,0,120,2,1.5,2,240,3,0,0,1,0,0,0,1,0,0,0,1,0,1,0,0,1,0,0,0,0,1,0,0,1,0,0,1,0,180,0,0,80,0,1
0,33,43,800,2,1.5,2,1600,3,0,0,0,0,37100,0.75,17310,42,15910,8,17147.5,4,6.75,4,68610,25,0,0,1,0,0,0,1,0,0,0,1,0,0,1,0,1,0,0,0,0,0,1,0,0,1,1,0,0,115745.625,1200,533.333333,412.142857,1988.75,0
0,26,6,0,0,0,0,0,0,0,0,0,0,2300,0.98,2300,1,0,0,2300,1,1,1,2300,1,0,0,0,1,0,0,0,1,0,1,0,0,1,0,0,1,0,0,0,0,1,0,0,0,1,0,0,1,2300,0,0,2300,0,0
0,44,52,0,0,0,0,0,0,1,0,0,0,2050,0.71,680,15,0,0,407.5,8,2.625,8,3280,21,0,0,0,1,0,1,0,0,0,1,0,0,1,0,0,1,0,0,0,0,1,0,0,1,0,0,1,0,1069.6875,0,0,45.333333,0,1
0,53,44,350,2,1,2,700,2,0,0,0,0,990,0.88,-2090,6,0,0,563.3333333,3,1,3,1690,3,0,0,1,0,0,0,1,0,0,0,1,0,1,0,0,1,0,1,0,0,0,0,0,0,1,0,1,0,563.333333,350,350,-348.333333,0,0
0,37,15,7000,1,2,1,7000,2,0,0,0,0,20300,0.9,0,0,20900,7,6562.5,4,2.25,4,26250,9,0,1,0,0,0,1,0,0,0,1,0,0,0,0,1,1,0,0,0,0,1,0,0,1,0,0,1,0,14765.625,14000,3500,0,2985.714286,0
0,24,30,1000,7,1.428571429,7,7000,10,0,0,0,0,2100,0.62,-5300,4,0,0,682,10,1.3,10,6840,12,0,1,0,0,1,0,0,0,0,1,0,0,0,0,1,1,0,0,0,0,0,1,0,0,1,0,1,0,886.6,1428.571429,700,-1325,0,0
0,48,7,100,1,1,1,100,1,0,0,0,0,980,0.94,0,0,0,0,490,2,1.5,2,980,3,0,1,0,0,0,1,0,0,0,1,0,0,0,1,0,1,0,1,0,0,0,0,0,1,0,1,0,0,735,100,100,0,0,0
0,31,9,2300,2,2,2,4600,4,0,0,0,0,2050,0.54,-197190,37,1600,2,514.4444444,9,2.555555556,9,4650,23,0,0,1,0,0,0,0,1,0,0,1,0,1,0,0,1,0,0,0,0,1,0,0,0,1,1,0,0,1314.691358,4600,1150,-5329.459459,800,0
0,36,32,0,0,0,0,0,0,0,0,0,0,0,0,0,0,0,0,0,0,0,0,0,0,1,0,0,1,1,0,0,0,0,1,0,0,1,0,0,1,0,0,0,0,1,0,0,1,0,1,0,0,0,0,0,0,0,0
0,29,37,0,0,0,0,0,0,0,0,0,0,27190,0.25,63330,129,4890,9,8545.833333,12,7.083333333,12,102620,87,0,0,1,0,0,1,0,0,0,1,0,0,1,0,0,1,0,0,0,0,1,0,0,0,1,0,0,1,60532.98611,0,0,490.930233,543.333333,0
1,27,6,300,1,1,1,300,1,0,0,0,0,580,0.96,0,0,0,0,290,2,1,2,580,2,1,1,0,0,1,0,0,0,0,1,0,0,0,0,1,1,0,0,0,0,0,1,0,1,0,1,0,0,290,300,300,0,0,0
0,41,5,0,0,0,0,0,0,0,0,0,0,9930,0.71,-2900,45,10740,15,3832.5,4,5.5,4,15350,21,0,0,1,0,1,0,0,0,0,1,0,0,1,0,0,1,0,0,0,0,1,0,0,0,1,0,1,0,21078.75,0,0,-64.444444,716,0
1,33,44,833.3333333,3,1.666666667,3,2500,5,0,0,0,0,12680,0.15,-18980,192,14990,69,3580.909091,11,5.545454545,11,39430,60,1,0,0,1,1,0,0,0,0,0,1,0,1,0,0,1,0,0,0,0,1,0,0,1,0,1,0,0,19857.76859,1388.888889,500,-98.854167,217.246377,0
0,47,9,0,0,0,0,0,0,0,0,0,0,0,0.94,0,0,0,0,0,3,0.666666667,3,0,2,1,1,0,0,1,0,0,0,0,0,1,0,1,0,0,1,0,0,0,0,1,0,0,1,0,1,0,0,0,0,0,0,0,0
1,27,5,2200,2,6,2,4400,12,0,0,0,0,2000,0.79,-2920,5,0,0,500,4,0.25,4,2000,1,0,1,0,0,0,1,0,0,0,1,0,0,1,0,0,1,0,0,0,0,1,0,0,1,0,0,1,0,125,13200,366.666667,-584,0,0
1,26,6,1200,4,2.5,4,4800,10,0,0,0,0,800,0.75,440,2,0,0,378,5,2,5,1900,10,1,1,0,0,0,0,1,0,0,1,0,0,0,0,1,1,0,0,0,0,0,1,0,0,1,1,0,0,756,3000,480,220,0,0
0,40,7,0,0,0,0,0,0,0,0,0,0,9080,0.92,0,0,0,0,3726.666667,3,1.666666667,3,11180,5,1,1,0,0,1,0,0,0,0,0,0,1,1,0,0,1,0,0,0,0,1,0,0,1,0,0,0,1,6211.111113,0,0,0,0,0
1,28,4,0,0,0,0,0,0,0,0,0,0,20,0.75,-150800,51,0,0,5,4,0.25,4,20,1,1,0,1,0,0,1,0,0,0,0,1,0,1,0,0,1,0,0,0,0,0,1,0,1,0,0,1,0,1.25,0,0,-2956.862745,0,0
1,27,61,250,2,1,2,500,2,0,0,0,0,9000,0.9,9000,1,0,0,2747.5,4,1,4,10990,4,1,0,0,1,0,1,0,0,0,1,0,0,1,0,0,1,0,0,0,0,0,1,0,1,0,0,0,1,2747.5,250,250,9000,0,0
1,24,16,3600,5,5.8,5,18000,29,0,0,0,0,32070,0.65,5270,51,6790,6,6231.25,8,4.625,8,49870,39,1,1,0,0,0,0,0,1,0,0,1,0,1,0,0,1,0,0,0,0,0,1,0,0,1,0,0,1,28819.53125,20880,620.689655,103.333333,1131.666667,0
1,27,17,0,0,0,0,0,0,0,0,0,0,37680,0.35,-86980,45,0,1,5928.333333,12,0.833333333,12,71140,10,1,0,0,1,1,0,0,0,0,1,0,0,1,0,0,1,0,0,0,0,1,0,0,0,1,1,0,0,4940.277776,0,0,-1932.888889,0,0
1,43,58,1600,3,1,3,4800,3,0,0,0,0,2300,0.77,0,0,0,0,625,8,2.375,8,5030,18,1,0,1,0,1,0,0,0,0,1,0,0,1,0,0,1,0,0,0,0,1,0,0,1,0,0,0,1,1484.375,1600,1600,0,0,0
1,28,39,133.3333333,3,1.333333333,3,400,4,0,0,0,1,660,0.69,180,7,0,0,151,10,1.8,10,1540,18,1,1,0,0,0,0,0,0,1,1,0,0,1,0,0,1,0,0,0,0,1,0,0,0,1,0,1,0,271.8,177.777778,100,25.714286,0,1
1,32,14,1166.666667,3,2,3,3500,6,0,0,0,0,1830,0.87,-1450,10,1830,7,457.5,4,0.5,4,1830,2,1,1,0,0,0,1,0,0,0,1,0,0,1,0,0,1,0,0,1,0,0,0,0,0,1,1,0,0,228.75,2333.333334,583.333333,-145,261.428571,0
1,26,82,500,1,1,1,500,1,0,0,0,0,8080,0.88,-5960,10,2780,1,3778,5,1,5,18890,5,1,1,0,0,0,0,0,1,0,1,0,0,1,0,0,1,0,0,0,0,1,0,0,0,1,1,0,0,3778,500,500,-596,2780,0
1,32,81,0,0,0,0,0,0,0,0,0,0,120,0.87,0,0,0,0,72.5,4,1.75,4,300,7,1,1,0,0,1,0,0,0,0,0,0,1,1,0,0,1,0,0,0,0,1,0,0,1,0,0,1,0,126.875,0,0,0,0,0
1,29,28,0,0,0,0,0,0,0,0,0,0,51520,0.71,82880,21,0,0,9430,9,2.444444444,9,84880,21,1,0,1,0,1,0,0,0,0,0,1,0,1,0,0,1,0,0,0,0,1,0,0,1,0,0,1,0,23051.11111,0,0,3946.666667,0,0
1,32,65,0,0,0,0,0,0,0,0,0,0,40100,0.96,0,0,0,0,40100,1,2,1,40100,2,1,0,1,0,1,0,0,0,0,0,1,0,1,0,0,1,0,0,0,0,1,0,0,1,0,0,0,1,80200,0,0,0,0,0
1,25,4,0,0,0,0,0,0,0,0,0,0,1550,0.94,-11800,4,1550,1,1306.666667,3,1.666666667,3,3920,5,1,1,0,0,0,1,0,0,0,1,0,0,1,0,0,1,0,0,0,0,1,0,0,1,0,0,1,0,2177.777779,0,0,-2950,1550,0
1,54,19,0,0,0,0,0,0,0,0,0,0,3010,0.65,100,8,0,6,691.1111111,9,1.222222222,9,6240,9,1,0,1,0,1,0,0,0,0,1,0,0,1,0,0,1,0,0,0,0,1,0,0,0,1,0,1,0,844.691358,0,0,12.5,0,0
1,48,13,400,3,1,3,1200,3,0,0,0,0,3030,0.79,-2240,9,0,0,2345,6,1,6,14100,6,1,0,1,0,0,1,0,0,0,1,0,0,1,0,0,1,0,0,0,0,1,0,0,0,1,1,0,0,2345,400,400,-248.888889,0,0
1,28,60,566.6666667,3,1,3,1700,3,0,0,0,0,20400,0.48,-3265780,96,-114140,5,2576.666667,9,1.111111111,9,23190,10,1,0,1,0,1,0,0,0,0,0,1,0,1,0,0,1,0,0,0,0,1,0,0,0,1,0,1,0,2862.962963,566.666667,566.666667,-34018.54167,-22828,0
1,48,23,200,1,1,1,200,1,0,0,0,0,170,0.94,0,0,0,0,56.66666667,3,1,3,170,3,1,1,0,0,0,0,1,0,0,1,0,0,1,0,0,1,0,0,0,0,1,0,0,1,0,0,0,1,56.666667,200,200,0,0,0
1,31,25,100,1,1,1,100,1,0,0,0,0,0,0.56,-9040,35,-100,1,0,9,0.111111111,9,0,1,1,0,1,0,0,0,1,0,0,0,1,0,1,0,0,1,0,0,0,0,1,0,0,1,0,0,1,0,0,100,100,-258.285714,-100,0
1,43,36,3566.666667,9,2.777777778,9,32100,25,0,0,0,0,9910,0.5,-48730,36,8040,12,1653.333333,12,1.5,12,19850,18,1,0,1,0,1,0,0,0,0,0,0,1,1,0,0,1,0,0,0,0,0,1,0,1,0,0,0,1,2480,9907.407409,1284,-1353.611111,670,0
1,22,40,1830,10,3,10,18300,30,0,0,0,0,27720,0.27,-9100,255,-25750,36,12783,10,11.4,10,127860,120,1,1,0,0,0,0,1,0,0,0,1,0,0,0,1,1,0,0,0,0,1,0,0,1,0,0,1,0,145726.2,5490,610,-35.686275,-715.277778,0
1,28,0,0,0,0,0,0,0,0,0,0,0,11600,0.88,-6500,3,0,4,2900,4,1,4,11600,4,0,1,0,0,0,0,1,0,0,0,0,1,0,1,0,1,0,0,0,1,0,0,0,0,1,0,0,1,2900,0,0,-2166.666667,0,0
1,43,44,0,0,0,0,0,0,1,0,0,0,0,0,0,0,0,0,0,0,0,0,0,0,1,0,1,0,0,1,0,0,0,0,1,0,0,1,0,1,0,0,0,0,0,1,0,0,1,0,0,1,0,0,0,0,0,1
0,32,78,0,0,0,0,0,0,1,1,0,1,1000,0.62,1520,15,2400,6,407.7777778,9,3.888888889,9,3700,36,1,0,1,0,0,1,0,0,0,0,0,1,1,0,0,0,1,0,0,0,1,0,0,1,0,0,0,1,1585.802469,0,0,101.333333,400,3
1,27,2,0,0,0,0,0,0,0,0,0,0,300,0.98,0,0,0,0,300,1,3,1,300,3,1,1,0,0,0,1,0,0,0,1,0,0,1,0,0,1,0,0,0,0,1,0,0,1,0,0,0,1,900,0,0,0,0,0
1,43,34,0,0,0,0,0,0,0,0,0,0,80,0.92,80,3,80,3,40,2,0.5,2,80,1,1,1,0,0,0,0,1,0,0,1,0,0,1,0,0,1,0,0,0,0,1,0,0,1,0,0,0,1,20,0,0,26.666667,26.666667,0
1,33,12,800,4,2.75,4,3200,11,0,0,0,0,13680,0.81,-100,9,0,0,3826,5,3.2,5,19150,15,1,0,1,0,0,0,1,0,0,1,0,0,1,0,0,1,0,0,0,0,1,0,0,1,0,0,0,1,12243.2,2200,290.909091,-11.111111,0,0
1,26,15,100,1,1,1,100,1,0,0,0,0,29390,0.44,-1780,102,31790,45,4679.166667,12,4.083333333,12,56180,48,1,1,0,0,1,0,0,0,0,1,0,0,0,0,1,1,0,0,0,0,0,1,0,1,0,0,1,0,19106.59722,100,100,-17.45098,706.444444,0
1,46,54,1000,1,1,1,1000,1,0,1,0,0,24130,0.33,26390,51,12370,27,6760.833333,12,3.666666667,12,81170,42,1,1,0,0,0,0,1,0,0,0,0,1,1,0,0,1,0,0,0,0,1,0,0,0,1,1,0,0,24789.72222,1000,1000,517.45098,458.148148,1
1,37,14,725,4,2.5,4,2900,10,0,0,0,0,48270,0.25,-722040,186,0,0,14710.90909,11,2.272727273,11,161840,24,1,0,1,0,0,0,1,0,0,0,1,0,1,0,0,0,1,1,0,0,0,0,0,0,1,0,1,0,33433.8843,1812.5,290,-3881.935484,0,0
1,49,9,0,0,0,0,0,0,0,0,0,0,81710,0.69,266100,72,16280,9,44345,6,11.66666667,6,266100,72,1,0,1,0,0,0,0,1,0,0,1,0,1,0,0,1,0,0,1,0,0,0,0,0,1,0,1,0,517358.3335,0,0,3695.833333,1808.888889,0
1,47,76,11100,5,2.8,5,55500,14,0,0,0,0,18930,0.62,47210,24,46830,7,5955,10,2.6,10,59570,24,1,1,0,0,1,0,0,0,0,1,0,0,1,0,0,1,0,0,0,0,0,1,0,1,0,0,0,1,15483,31080,3964.285714,1967.083333,6690,0
1,29,59,3700,4,2,4,14800,8,0,0,0,1,2590,0.29,13090,27,3060,10,1103.333333,12,2.25,12,13290,27,1,1,0,0,1,0,0,0,0,0,0,1,1,0,0,1,0,0,0,0,1,0,0,1,0,0,0,1,2482.499999,7400,1850,484.814815,306,1
1,53,17,900,1,1,1,900,1,0,0,0,0,11780,0.94,11780,1,0,0,5890,2,0.5,2,11780,1,1,0,0,1,0,0,1,0,0,0,0,1,1,0,0,1,0,0,0,1,0,0,0,0,1,1,0,0,2945,900,900,11780,0,0
1,25,47,3250,2,1.5,2,6500,3,0,0,0,0,520,0.9,520,1,0,0,206.6666667,3,0.666666667,3,620,2,1,0,1,0,0,0,1,0,0,0,1,0,0,1,0,1,0,0,0,0,1,0,0,0,1,0,1,0,137.777778,4875,2166.666667,520,0,0
1,31,2,0,0,0,0,0,0,0,0,0,0,21140,0.9,-58340,18,0,0,20570,2,2.5,2,41140,5,1,1,0,0,1,0,0,0,0,1,0,0,0,1,0,1,0,0,0,0,0,1,0,1,0,1,0,0,51425,0,0,-3241.111111,0,0
1,23,43,3000,2,1.5,2,6000,3,0,0,0,0,81900,0.5,-134370,72,-41060,10,12691.81818,11,3.181818182,11,139650,33,1,1,0,0,0,0,0,1,0,1,0,0,1,0,0,1,0,0,0,0,1,0,0,1,0,1,0,0,40383.05785,4500,2000,-1866.25,-4106,0
1,27,12,0,0,0,0,0,0,0,0,0,0,0,0.83,-33700,7,-4970,1,0,8,0,8,0,0,1,0,0,1,1,0,0,0,0,1,0,0,0,1,0,1,0,1,0,0,0,0,0,1,0,0,1,0,0,0,0,-4814.285714,-4970,0
1,29,20,0,0,0,0,0,0,0,1,0,1,0,0.9,-2400,5,0,0,0,3,0.333333333,3,0,1,1,1,0,0,0,0,0,1,0,0,1,0,1,0,0,1,0,0,0,0,0,1,0,1,0,0,1,0,0,0,0,-480,0,2
1,38,47,0,0,0,0,0,0,0,0,0,0,1850,0.94,0,0,0,0,1730,2,2.5,2,3460,5,1,1,0,0,0,0,0,1,0,0,1,0,0,1,0,1,0,0,0,0,1,0,0,0,1,1,0,0,4325,0,0,0,0,0
1,34,26,0,0,0,0,0,0,0,0,0,0,3000,0.94,0,0,0,0,1600,2,1.5,2,3200,3,1,0,1,0,0,0,1,0,0,1,0,0,1,0,0,1,0,0,0,0,1,0,0,1,0,0,1,0,2400,0,0,0,0,0
1,23,58,533.3333333,3,1.333333333,3,1600,4,0,0,0,0,27490,0.48,-6070,87,36750,27,5296,10,5.1,10,52990,51,1,1,0,0,0,1,0,0,0,1,0,0,0,1,0,1,0,0,0,0,0,1,0,1,0,0,1,0,27009.6,711.111111,400,-69.770115,1361.111111,0
1,30,8,3000,1,2,1,3000,2,0,0,0,0,3000,0.85,-2730,7,0,0,1284,5,0.8,5,6420,4,1,1,0,0,0,0,0,0,1,1,0,0,1,0,0,1,0,0,0,0,1,0,0,1,0,1,0,0,1027.2,6000,1500,-390,0,0
1,27,48,8000,2,5,2,16000,10,0,0,0,0,47440,0.4,-211010,105,24540,10,8765.833333,12,3.333333333,12,105260,39,1,0,0,1,1,0,0,0,0,0,0,1,0,0,1,1,0,0,0,0,1,0,0,1,0,0,0,1,29219.44444,40000,1600,-2009.619048,2454,0
1,32,3,0,0,0,0,0,0,0,0,0,0,0,0.96,-1470,2,0,0,0,2,0,2,0,0,1,0,0,1,1,0,0,0,0,1,0,0,1,0,0,1,0,0,0,0,1,0,0,1,0,0,1,0,0,0,0,-735,0,0
1,40,16,500,1,1,1,500,1,0,0,0,0,5330,0.79,26290,10,24990,9,2913.333333,9,1.111111111,9,26290,10,1,1,0,0,1,0,0,0,0,0,0,1,1,0,0,0,1,0,0,0,1,0,0,0,1,0,1,0,3237.037036,500,500,2629,2776.666667,0
1,34,60,0,0,0,0,0,0,0,0,0,0,0,0,0,0,0,0,0,0,0,0,0,0,1,1,0,0,1,0,0,0,0,1,0,0,0,1,0,1,0,1,0,0,0,0,0,0,1,0,1,0,0,0,0,0,0,0
1,24,28,660,5,2,5,3300,10,0,0,0,0,17400,0.25,38440,126,31330,54,6374.166667,12,6.333333333,12,76560,78,1,1,0,0,0,1,0,0,0,1,0,0,1,0,0,1,0,0,0,0,1,0,0,1,0,0,1,0,40369.72222,1320,330,305.079365,580.185185,0
1,29,31,5016.666667,6,2.666666667,6,30100,16,0,0,1,0,70420,0.67,-56790,8,1300,2,12337.14286,7,4.285714286,7,86380,30,1,0,1,0,1,0,0,0,0,1,0,0,0,0,1,1,0,0,0,0,1,0,0,0,1,0,1,0,52873.4694,13377.77778,1881.25,-7098.75,650,1
1,30,29,250,2,1.5,2,500,3,0,0,0,0,10460,0.54,17260,30,3980,5,2196.666667,12,2.416666667,12,26400,27,1,0,1,0,1,0,0,0,0,0,1,0,1,0,0,1,0,0,0,0,0,1,0,1,0,0,1,0,5308.611113,375,166.666667,575.333333,796,0
1,50,0,0,0,0,0,0,0,0,0,0,0,0,0.94,-7000,4,0,0,0,2,0,2,0,0,1,0,1,0,0,1,0,0,0,1,0,0,1,0,0,1,0,0,0,0,1,0,0,0,1,1,0,0,0,0,0,-1750,0,0
1,26,9,650,4,1.5,4,2600,6,0,0,0,0,640,0.69,240,18,0,0,270,5,7.2,5,1370,36,1,1,0,0,1,0,0,0,0,0,1,0,1,0,0,1,0,1,0,0,0,0,0,1,0,0,1,0,1944,975,433.333333,13.333333,0,0
1,24,13,2840,5,1.6,5,14200,8,0,0,0,0,1430,0.69,-6710,12,1430,1,240,8,0.25,8,1920,2,0,1,0,0,0,0,0,1,0,0,0,1,1,0,0,1,0,0,0,0,0,1,0,0,1,1,0,0,60,4544,1775,-559.166667,1430,0
1,53,45,700,1,3,1,700,3,0,0,0,0,38790,0.94,3600,2,1790,1,20295,2,2.5,2,40600,5,0,0,1,0,0,1,0,0,0,0,1,0,1,0,0,1,0,0,0,0,1,0,0,0,1,1,0,0,50737.5,2100,233.333333,1800,1790,0
0,41,17,0,0,0,0,0,0,0,0,0,0,810,0.83,1680,3,1680,3,373.3333333,6,1.833333333,6,2250,9,0,0,1,0,1,0,0,0,0,1,0,0,1,0,0,1,0,0,0,0,1,0,0,0,1,1,0,0,684.444444,0,0,560,560,0
0,50,2,0,0,0,0,0,0,0,1,0,1,0,0.98,-640,1,0,0,0,1,0,1,0,0,1,1,0,0,0,1,0,0,0,0,1,0,1,0,0,1,0,0,0,0,1,0,0,1,0,0,1,0,0,0,0,-640,0,2
0,38,30,0,0,0,0,0,0,0,0,0,0,3470,0.9,0,0,0,0,1902.5,4,1.75,4,7610,7,1,0,0,1,1,0,0,0,0,0,0,1,1,0,0,1,0,0,0,0,1,0,0,1,0,0,1,0,3329.375,0,0,0,0,0
1,27,16,5033.333333,9,3.555555556,9,45300,32,0,0,0,0,110,0.54,-23540,15,0,0,11,10,0.2,10,110,2,1,1,0,0,1,0,0,0,0,0,0,1,1,0,0,1,0,0,0,1,0,0,0,0,1,0,1,0,2.2,17896.2963,1415.625,-1569.333333,0,0
1,36,51,300,1,1,1,300,1,0,0,0,0,40,0.96,0,0,0,0,20,2,0.5,2,40,1,0,0,1,0,0,0,0,0,1,1,0,0,1,0,0,1,0,0,0,1,0,0,0,1,0,0,0,1,10,300,300,0,0,0
1,39,55,0,0,0,0,0,0,0,0,0,0,20420,0.25,110500,87,72270,42,9203.333333,12,7.083333333,12,110500,87,0,1,0,0,0,0,1,0,0,1,0,0,1,0,0,1,0,0,0,0,1,0,0,0,1,0,1,0,65190.27777,0,0,1270.114943,1720.714286,0
0,25,28,720,5,1.6,5,3600,8,0,0,0,0,30940,0.37,-24640,132,19310,21,4950.909091,11,7.454545455,11,54490,84,0,1,0,0,0,0,0,0,1,1,0,0,1,0,0,1,0,0,0,0,1,0,0,0,1,1,0,0,36906.77686,1152,450,-186.666667,919.52381,0
0,31,12,2512.5,8,2.125,8,20100,17,0,0,0,0,6900,0.38,-60070,36,28880,12,3195.833333,12,2.25,12,38390,27,0,1,0,0,1,0,0,0,0,0,0,1,1,0,0,1,0,0,0,0,1,0,0,0,1,0,0,1,7190.624999,5339.0625,1182.352941,-1668.611111,2406.666667,0
0,30,17,0,0,0,0,0,0,0,0,0,0,570,0.88,0,5,0,0,293.3333333,3,2.333333333,3,900,7,0,0,0,1,0,1,0,0,0,1,0,0,0,0,1,1,0,0,0,0,0,1,0,1,0,0,1,0,684.444444,0,0,0,0,0
0,36,63,11200,2,3.5,2,22400,7,0,0,0,0,6750,0.73,600,8,0,4,2044.444444,9,2.888888889,9,18420,24,0,1,0,0,1,0,0,0,0,0,0,1,1,0,0,1,0,0,0,0,0,1,0,0,1,0,0,1,5906.172838,39200,3200,75,0,0
0,29,44,0,0,0,0,0,0,0,0,0,0,13610,0.12,-3587500,573,-1691570,108,5789.090909,11,2,11,63710,21,0,1,0,0,1,0,0,0,0,1,0,0,1,0,0,1,0,0,0,0,1,0,0,1,0,1,0,0,11578.18182,0,0,-6260.907504,-15662.68519,0
0,35,37,302.2222222,9,1.777777778,9,2720,16,0,0,0,0,2650,0.19,-4830,84,6870,48,850,12,2.75,12,10230,33,0,0,1,0,0,0,1,0,0,1,0,0,1,0,0,1,0,0,0,0,1,0,0,1,0,0,1,0,2337.5,537.283951,170,-57.5,143.125,0
0,31,36,1500,3,1.666666667,3,4500,5,0,0,0,0,56320,0.5,-458490,42,6220,1,23965.45455,11,1.909090909,11,263630,21,0,1,0,0,0,0,0,0,1,1,0,0,0,1,0,1,0,0,0,0,1,0,0,0,1,1,0,0,45752.23141,2500,900,-10916.42857,6220,0
0,37,16,760,5,1,5,3800,5,0,0,0,0,40480,0.81,161500,15,0,0,17942.22222,9,1.777777778,9,161500,15,0,0,1,0,0,1,0,0,0,0,1,0,1,0,0,1,0,0,0,0,1,0,0,1,0,0,1,0,31897.28395,760,760,10766.66667,0,0
0,36,16,500,1,1,1,500,1,0,0,0,0,28440,0.12,-382830,345,86640,99,14935.83333,12,12.16666667,12,179280,147,0,0,1,0,0,0,0,0,1,1,0,0,1,0,0,1,0,0,0,0,1,0,0,1,0,1,0,0,181719.3056,500,500,-1109.652174,875.151515,0
0,23,22,0,0,0,0,0,0,0,0,0,0,1180,0.81,10,21,0,0,280,6,2.666666667,6,1690,15,0,1,0,0,0,0,0,0,1,1,0,0,1,0,0,1,0,0,0,1,0,0,0,0,1,0,1,0,746.666667,0,0,0.47619,0,0
0,45,19,1166.666667,3,1.333333333,3,3500,4,0,0,0,0,88300,0.48,-75740,66,-70660,8,27627.77778,9,2.222222222,9,248660,18,1,1,0,0,1,0,0,0,0,0,0,1,0,1,0,1,0,0,0,0,1,0,0,0,1,0,1,0,61395.06173,1555.555556,875,-1147.575758,-8832.5,0
0,46,8,0,0,0,0,0,0,0,0,0,0,0,0.98,-590,1,0,0,0,1,0,1,0,0,0,0,1,0,0,1,0,0,0,1,0,0,1,0,0,1,0,0,0,0,1,0,0,0,1,0,0,1,0,0,0,-590,0,0
1,41,8,0,0,0,0,0,0,0,0,0,0,3500,0.85,-80,5,1970,2,1438,5,2.4,5,7190,12,1,0,0,1,1,0,0,0,0,1,0,0,1,0,0,1,0,0,0,1,0,0,0,0,1,0,1,0,3451.2,0,0,-16,985,0
0,49,25,0,0,0,0,0,0,0,0,0,0,0,0,0,0,0,0,0,0,0,0,0,0,1,1,0,0,1,0,0,0,0,0,1,0,0,1,0,1,0,0,0,1,0,0,0,1,0,0,1,0,0,0,0,0,0,0
1,29,55,0,0,0,0,0,0,0,0,0,0,56860,0.38,-808460,122,500,8,39549.16667,12,11.75,12,474690,144,0,1,0,0,0,0,0,0,1,1,0,0,1,0,0,1,0,0,0,1,0,0,0,1,0,1,0,0,464702.7084,0,0,-6626.721311,62.5,0
1,35,53,1371.428571,7,2.285714286,7,9600,16,0,0,0,0,420,0.73,-3550,2,0,0,78,10,0.5,10,790,5,0,1,0,0,0,1,0,0,0,1,0,0,1,0,0,1,0,0,0,0,0,1,0,0,1,0,1,0,39,3134.693877,600,-1775,0,0
0,35,20,0,0,0,0,0,0,0,0,0,0,0,0,0,0,0,0,0,0,0,0,0,0,0,1,0,0,0,0,0,0,1,1,0,0,1,0,0,1,0,0,0,0,1,0,0,0,1,0,0,1,0,0,0,0,0,0
0,53,22,0,0,0,0,0,0,0,0,0,0,0,0.98,0,0,0,1,0,1,1,1,0,1,0,1,0,0,0,0,1,0,0,1,0,0,1,0,0,1,0,1,0,0,0,0,0,1,0,1,0,0,0,0,0,0,0,0
0,22,18,6400,1,3,1,6400,3,0,0,0,0,0,0.85,-9660,15,0,0,0,4,0,4,0,0,0,1,0,0,0,1,0,0,0,1,0,0,0,1,0,1,0,0,0,0,0,1,0,0,1,1,0,0,0,19200,2133.333333,-644,0,0
0,33,22,0,0,0,0,0,0,0,0,0,0,0,0,0,0,0,0,0,0,0,0,0,0,1,1,0,0,1,0,0,0,0,1,0,0,1,0,0,1,0,0,0,0,1,0,0,1,0,1,0,0,0,0,0,0,0,0
0,29,20,0,0,0,0,0,0,0,0,0,0,2890,0.94,0,0,0,0,973.3333333,3,1.333333333,3,2930,4,0,0,1,0,0,0,1,0,0,1,0,0,1,0,0,1,0,1,0,0,0,0,0,0,1,1,0,0,1297.777777,0,0,0,0,0
1,28,37,0,0,0,0,0,0,0,0,0,0,9760,0.96,0,0,0,0,9760,1,6,1,9760,6,0,1,0,0,0,0,1,0,0,0,0,1,1,0,0,1,0,0,0,0,1,0,0,0,1,0,1,0,58560,0,0,0,0,0
0,36,10,1666.666667,3,1.666666667,3,5000,5,0,0,0,0,31000,0.94,0,0,0,0,7750,4,0.25,4,31000,1,0,1,0,0,0,0,1,0,0,1,0,0,0,1,0,1,0,1,0,0,0,0,0,1,0,0,1,0,1937.5,2777.777779,1000,0,0,0
0,41,78,0,0,0,0,0,0,0,0,0,0,1500,0.73,130,9,240,1,423.75,8,3,8,3420,24,1,0,0,1,0,0,1,0,0,1,0,0,0,1,0,1,0,0,0,0,0,1,0,0,1,0,1,0,1271.25,0,0,14.444444,240,0
0,30,10,0,0,0,0,0,0,0,0,0,0,10320,0.42,6010,108,7120,9,3855.555556,9,11.11111111,9,34750,102,0,1,0,0,1,0,0,0,0,0,1,0,0,0,1,1,0,0,0,0,1,0,0,1,0,0,0,1,42839.50617,0,0,55.648148,791.111111,0
1,27,25,2100,9,2.444444444,9,18900,22,0,1,0,1,9990,0.33,-10800,42,9860,6,2880.909091,11,4.636363636,11,31750,51,0,0,0,1,1,0,0,0,0,1,0,0,1,0,0,1,0,0,0,0,1,0,0,1,0,0,0,1,13356.94215,5133.333332,859.090909,-257.142857,1643.333333,2
0,45,48,0,0,0,0,0,0,0,0,0,0,240,0.94,-990,1,0,0,120,2,1,2,240,2,0,1,0,0,0,1,0,0,0,0,0,1,1,0,0,0,1,0,0,0,0,1,0,0,1,1,0,0,120,0,0,-990,0,0
0,48,25,4645,2,2,2,9290,4,0,0,0,0,39500,0.87,0,3,0,3,13330,3,1.333333333,3,39990,4,0,1,0,0,0,0,0,1,0,0,0,1,0,1,0,1,0,0,0,0,0,1,0,1,0,0,1,0,17773.33333,9290,2322.5,0,0,0
0,30,12,0,0,0,0,0,0,0,0,0,0,13030,0.71,16390,10,0,0,4517.5,8,1.625,8,36160,12,0,1,0,0,0,1,0,0,0,1,0,0,0,1,0,1,0,0,0,0,1,0,0,1,0,1,0,0,7340.9375,0,0,1639,0,0
0,40,47,0,0,0,0,0,0,0,0,0,0,0,0,0,0,0,0,0,0,0,0,0,0,0,0,0,1,1,0,0,0,0,1,0,0,1,0,0,1,0,0,0,0,1,0,0,0,1,0,1,0,0,0,0,0,0,0
0,30,70,100,1,1,1,100,1,0,0,0,0,0,0.98,0,0,0,0,0,1,0,1,0,0,0,0,1,0,1,0,0,0,0,0,1,0,0,1,0,1,0,0,0,0,0,1,0,1,0,0,0,1,0,100,100,0,0,0
0,28,69,0,0,0,0,0,0,0,0,0,0,0,0,0,0,0,0,0,0,0,0,0,0,0,1,0,0,0,0,1,0,0,1,0,0,1,0,0,1,0,0,0,0,1,0,1,0,0,0,0,1,0,0,0,0,0,0
0,24,59,366.6666667,3,1.666666667,3,1100,5,0,0,0,0,26940,0.33,109030,36,0,0,15769.09091,11,2.090909091,11,173500,21,0,1,0,0,0,0,0,1,0,0,1,0,1,0,0,1,0,0,0,0,1,0,0,1,0,0,1,0,32971.73554,611.111111,220,3028.611111,0,0
