user_id,user_potential
21146756,0
1290030,1
19787206,0
2429226,0
415958,0
29870346,0
28156098,0
20776612,0
17913136,0
23541530,1
17370288,1
161194,1
11329154,0
19245537,1
28177703,0
7940979,0
24948575,1
13275036,0
10450771,0
22069491,0
28877674,1
28487823,0
11718991,1
6583534,0
15446371,1
13752004,0
15605889,0
31347354,1
1582215,0
16790873,0
10706326,0
19490450,1
1706132,1
10773689,0
28047342,0
16467687,0
12046591,0
23872450,0
25538612,1
33911330,1
32834644,1
25567288,0
6175335,0
25204777,0
324613,1
19524940,0
22407634,0
32033592,1
18347711,1
24706834,0
2593462,1
11139715,0
23641712,0
15564430,1
27410072,0
29401954,0
7650329,0
21896085,1
32043132,0
3931925,1
23180359,0
20802724,1
2006366,1
981511,0
30127595,0
32945600,0
5412984,0
15529824,0
22355607,0
4225277,0
14487541,1
10083703,0
4596645,0
13101284,0
1170025,1
32679319,0
27849052,0
18842665,1
12280240,1
6850862,0
4067070,0
1372290,0
10756973,1
1267367,1
15036306,1
4909259,0
27652222,0
9878745,1
27325344,1
32291702,0
15717038,1
26643621,0
29341935,0
28595262,1
22568306,0
21037282,1
14269333,1
27698072,0
21451997,0
8247979,0
6056398,0
7930551,0
27115560,1
3558182,0
9250166,0
1107011,0
25457880,1
14703026,0
24512157,1
28834777,1
21845953,0
30701709,1
2277133,0
25867261,0
22654981,1
32862768,0
276282,0
4584455,0
13208662,1
29690285,1
29848074,0
5149323,1
4814184,0
12194125,0
12826620,1
27727528,1
15607870,0
30856125,0
7163197,0
30031614,0
17395982,1
18338304,0
19095422,1
6085199,0
24868795,0
33306824,1
10966604,0
33140395,0
20321352,0
28648896,1
1944687,0
31919528,0
7717070,1
1589540,0
5450451,0
33365927,0
7036069,0
10816557,1
23473120,0
12719765,0
20337565,0
25868860,1
28245404,0
8455372,0
23581307,0
9616587,1
7146239,0
21709255,0
8799864,0
1632850,0
10202672,1
24549845,0
19182329,1
27011158,1
509972,0
21419534,0
25821365,0
30163218,0
12976520,0
14793389,1
13001793,0
17287259,0
13838658,0
6632157,0
31972202,1
14500124,1
1388725,0
6246226,0
26456493,1
24673438,1
5219928,1
17154317,1
1468477,0
26018347,0
3623265,1
19167093,1
10580333,1
27466928,0
17763724,1
33610376,1
10005964,0
5725805,0
11530198,0
22064906,1
3814589,0
6625356,0
17304698,0
306654,1
4759635,0
20882004,0
27297533,0
18464072,0
2814203,1
1694237,1
30380767,0
20529986,0
13035259,0
10435680,0
26295161,0
21642874,0
29701006,0
8890375,1
10639568,0
20979127,0
33727705,1
4307749,0
3927751,1
4410416,0
25969325,1
11375419,1
12760641,0
11404158,0
14777366,1
17558287,0
31049830,1
33128313,0
7897432,0
29261827,0
24055470,0
14764708,1
33259320,0
21335568,0
5056836,1
23668341,0
11456538,0
15692216,0
2022004,0
3381443,1
22739060,0
27787282,1
5161673,0
1375060,0
27635868,1
8707445,0
5738777,1
4842523,1
11028692,1
16596736,0
21831791,1
33792748,1
21842865,0
29020049,0
23959840,1
21812216,1
15824580,0
8849643,0
5451228,0
6091159,1
3948578,0
2470425,1
5561423,0
6811865,1
10829491,0
29357286,1
11863227,0
33651943,1
21442931,0
19743296,1
32521583,0
26261527,0
29357654,0
11131290,1
31071847,1
30958791,0
12819709,1
23561893,1
19636164,0
22383295,0
8001625,0
12243493,1
816064,1
7019252,0
1046902,0
21176702,1
30866274,0
25871197,0
15543251,0
4209925,1
17627922,0
24217423,1
26693730,1
16022439,0
11485603,1
12998691,0
8019738,1
17069216,0
1734080,0
20558413,0
27790475,1
8640677,0
33186774,0
24990033,1
19095137,0
20281810,0
20095375,1
25468803,1
28896146,0
26217509,0
3736758,0
32442249,1
31331133,0
25297330,0
31100152,0
34043881,0
12635229,0
6150073,0
13136070,0
16576186,1
21443487,1
3450483,0
22768393,0
5162104,1
6392627,0
17613205,0
25717283,1
13531213,0
1428609,1
16417560,0
12472865,0
11613547,0
16748421,1
16616919,0
26646557,0
935426,0
26273279,1
24786608,1
22597009,1
32726481,0
27556371,0
28197440,1
26945394,1
29417850,0
21217029,1
18333998,0
1719542,0
408917,1
9684736,1
8904475,0
24117543,1
21805087,0
29339851,0
12485998,1
32474063,0
14797212,0
23108085,1
31050128,0
28551909,0
20155926,1
33822418,0
8116921,0
2387491,1
9001505,1
10139135,1
24626469,0
5358113,1
31332549,0
32955540,1
7781574,0
19640722,0
32889736,1
30102498,0
13549513,0
4166591,1
5306233,0
26528367,0
32555468,0
9523259,0
32255355,1
17830793,0
29651573,0
2629895,0
13824658,0
30736011,1
21818585,0
19710213,1
1275060,0
7187500,0
8978368,0
22614548,0
28456623,0
16320275,0
12740749,0
20461880,0
14537622,0
12123618,1
3261980,0
16460357,0
6600394,0
3847419,1
29381395,1
21426329,0
24143701,0
28009471,1
579027,0
1073826,0
22684354,0
20346709,1
30355851,0
34010299,0
4977268,0
8256007,0
15709168,1
33999546,0
24516424,1
17727480,0
21052542,0
23892037,0
24767242,0
3824649,1
17553118,1
25356067,0
15557366,1
27108244,0
8140533,0
11743792,0
16366194,1
4836729,0
31858798,0
23697091,1
15659563,0
19376328,0
15514331,0
11975313,0
29793226,0
14402789,0
2716321,0
17019444,0
28994567,0
10023001,0
25927333,0
2980267,0
15894888,0
27073085,1
5413107,0
4702038,0
23056169,0
3625768,0
25436013,1
17092697,0
1347333,0
773992,0
17930587,1
16756760,0
11791038,0
17377291,0
9234904,0
30282362,1
6582635,1
12627476,0
31797990,0
4303011,1
15014571,0
14313132,0
21150513,1
20080435,0
29549103,0
9011558,0
34040447,1
5827655,0
27366913,0
26047458,0
11140324,0
17848484,0
13590081,0
258024,0
8194974,1
28119028,1
928875,0
28351211,0
26828562,0
26192305,0
13861602,0
28246979,0
15917250,1
17036839,0
27839197,0
28490633,0
762785,0
864952,1
31330562,0
6292190,0
1782871,0
22372681,1
26429614,0
12729009,0
32921930,0
9240878,1
9327427,0
32273912,0
31642157,1
28586888,0
29470290,1
30490641,0
17979445,1
7396486,1
9206537,0
25604837,0
14463781,0
22880671,1
22248733,0
1822862,1
33629070,1
15452200,1
20414853,0
18361685,0
7917825,0
6488034,0
22818296,1
30331590,0
8563433,0
28581545,0
28472538,0
5716136,0
32512995,0
24828429,0
24413254,0
31708678,0
12622463,1
6455112,0
23505683,0
17621220,0
8282681,0
33276967,0
15568899,0
26385655,0
17817731,0
3726855,0
25444757,0
16765670,0
8611648,0
29551097,1
28905584,1
1429080,0
30308915,0
7380703,0
2500783,0
24233912,1
10809094,0
25614470,0
21387477,1
13875267,0
6629889,1
25956460,0
17471360,0
30247339,0
13818157,1
21708738,0
16081547,0
13303997,1
28953816,0
20972673,0
6077899,0
9247919,0
4817536,0
13240484,0
30609046,0
27784683,1
1916446,0
26217608,0
17914980,1
23537994,0
16537584,0
11700670,0
8283508,1
33501708,0
4407289,0
23885850,0
14365068,0
14553501,0
6225231,1
16411395,0
8076967,0
16441330,1
33301890,1
19199845,0
13085670,0
7062681,1
14789885,1
10831903,1
18201790,0
32116105,1
24157384,1
22328438,1
14905127,0
16640469,1
12925614,0
27652981,0
1197961,0
33768976,0
18838099,0
21294869,0
21583482,0
3177675,0
6514431,0
29974171,0
33642021,0
25921085,0
23103815,0
24125059,0
16689096,0
19624525,0
30025491,0
31368252,1
22314206,0
32265377,0
22789224,0
20809295,1
22264425,0
27628997,0
4762817,0
3960800,0
27282854,0
23730046,0
10998468,0
10639470,1
152341,0
21764628,0
11652276,0
17214269,0
5923208,1
5808191,0
14586406,1
26519668,0
12081820,0
8105778,1
2777080,0
15991974,1
17602180,1
5136567,0
8860188,0
12596426,0
25635686,1
22922142,1
24311704,1
27605077,0
17603929,0
4968802,0
5724107,1
26752587,0
6491064,0
11851314,0
2262964,0
28946644,0
25464207,1
22391937,0
4817869,0
28181797,0
1719928,0
293167,1
32919623,1
11833095,0
24691320,0
15295544,1
12892871,0
9026910,0
25510982,0
14268104,1
31112766,0
17257037,0
26552454,0
13068228,1
11023111,0
2894604,1
15723942,0
475502,1
17969655,0
31536821,0
11282397,1
20928576,0
31570020,0
29589473,0
15503010,0
411619,1
17126281,0
26639460,0
6025960,0
30312477,1
23765003,0
27558531,1
26273173,0
19473050,0
2102553,0
3008471,0
16096037,1
28181684,1
29233485,0
17079405,0
32477642,0
17731287,1
8106636,1
8971361,1
11552933,0
20945928,0
17420693,1
4790516,0
4039624,1
17938143,0
22588439,0
2671831,0
14795926,0
31196412,1
19895289,0
30812192,1
18487114,1
10966822,0
12883956,0
2421760,1
28285278,0
9580834,0
16069879,0
15592881,1
21714579,0
20029737,0
131673,0
4584992,0
16420149,1
25412068,0
25444535,0
17798090,0
19378633,1
26686704,0
32118036,0
16445127,0
4664246,0
18061648,1
26671041,1
16483823,0
28951862,0
6353290,0
26557461,0
13955472,0
32380714,1
1073510,0
8415675,0
15760949,0
2705945,1
32507552,0
2884758,1
6191828,0
24737986,0
22468628,0
22094686,1
19563842,1
16015096,0
32745245,0
1268151,0
1043023,0
27090270,1
1437930,0
30116329,1
30262970,0
5457248,1
30390960,1
30252009,0
29171060,0
14936657,0
33629584,0
21554177,1
12889840,0
13207466,1
14232661,0
353567,1
25113462,1
10002586,0
2289348,1
24286044,0
27566927,0
25266793,0
13315805,0
9077462,1
20349188,0
10280343,0
3041425,1
5738701,0
8720584,0
16055009,0
22834365,1
26216818,0
25461011,0
23025863,0
11950066,0
2409347,0
22289793,1
17779904,0
6341216,1
15727406,1
21945951,0
33485869,1
27378543,1
11776660,0
21800950,0
20834228,1
21519247,0
20881898,1
29803404,1
27671386,1
17362986,0
22683164,0
2216317,0
1100658,1
11268033,1
15951458,1
14449360,0
31823938,1
32919635,0
14096756,0
16245667,1
989318,1
9196265,0
32413742,0
4301126,0
24038545,1
16911108,0
23734961,1
20112603,1
12395761,0
26412462,0
30062839,1
542926,1
31056171,0
7657013,1
3279191,0
23993962,0
11522474,1
8621534,0
33395572,0
159913,0
9875862,0
9139725,0
31345515,1
4863378,1
3174549,0
13039958,0
33146753,0
23456656,1
6815010,1
19685401,0
34032455,0
20006043,0
32721901,0
6846905,0
27757682,0
12261884,1
12567784,0
28663011,1
14412736,0
23616079,1
1099652,0
11240281,0
1545337,0
28445610,0
16053207,1
22466694,0
24973316,0
1234855,1
32690566,0
28961655,1
14955408,0
17670936,0
12247566,0
12221813,0
13441511,0
32912616,0
14360416,0
33429843,1
27605285,0
33395956,1
4769805,0
31434842,0
14299409,0
19945173,0
10504792,0
8643808,1
15376854,1
32971601,0
32925457,1
5436066,0
20385053,0
1218316,1
16072419,0
1273949,1
17151140,1
18350275,1
7045462,1
5943222,0
5441326,0
20985181,0
19885297,1
9761264,1
20002440,1
2731294,1
7610713,0
10136819,1
29691014,0
29483759,0
3997619,0
15707354,1
24585566,0
16691309,1
20075317,1
19305039,0
6092101,0
14986069,1
12951987,0
17165214,0
27428214,0
23500316,0
32278959,0
26839401,1
22142876,0
6518515,1
7029632,0
21759561,0
18723168,0
9364556,1
5538488,0
1433773,0
30980371,0
11058875,1
17562863,1
12391902,1
11641886,0
31492941,0
30785363,0
7946684,0
7947951,1
20282281,0
26953863,0
5991313,0
17919946,0
1815431,0
1426759,1
14902941,0
31623002,0
19892120,0
16642044,0
16374142,0
32414667,0
31136599,0
17841461,0
7735338,0
6766175,0
33360614,1
16470037,0
30108561,0
23251088,0
20619188,0
2677202,0
3771373,1
30117563,1
5666113,1
6729440,1
17985730,1
5797994,0
17041665,1
3929317,0
23732578,0
16997367,1
3546260,0
6504656,1
16039215,1
5349560,0
605756,0
6244468,0
3119098,0
597438,1
9296104,1
13939176,1
20027268,1
21072240,0
908164,1
25209016,0
29644396,0
25933425,0
20333083,0
31795478,1
8110254,0
5655861,1
17365552,0
12412058,0
7054002,0
25899171,0
20995330,0
24378173,0
26531872,0
13642515,1
4730873,1
10751128,0
34000050,0
27459304,0
13270953,0
3423301,0
6068735,0
1385245,0
18767408,1
19724169,0
25700090,0
25691684,1
20766319,1
3534540,0
9938626,0
1228990,1
1729432,0
28351362,1
11787613,0
27045058,0
5765480,1
23230604,0
23054366,0
1572430,1
9809175,0
31113483,0
13262421,0
5052524,0
27850514,0
5019652,1
23173916,0
29984883,1
25457264,0
5230191,0
8157318,0
26257841,1
7992557,0
10737469,1
7411884,0
17556250,1
5658164,0
2235729,0
11047198,0
12066599,0
517489,1
15805402,1
22859416,0
11330874,1
21842887,0
13276056,1
22059454,0
9470379,0
22386110,0
18807496,1
17645220,1
23932260,1
29125044,1
6982735,0
31404477,0
11945670,1
26571571,0
18158361,0
17040040,0
21421401,0
15334092,1
26518436,0
11362083,1
30600980,0
31223340,0
25784696,0
21490517,1
20796493,1
12111535,1
31556469,0
1987698,0
3311953,0
23323774,0
2485424,0
25234058,0
30728823,1
22301139,0
31821068,1
13936681,1
23735685,1
1639473,0
21008377,0
26493247,0
13548334,0
6775776,0
3447747,0
3466999,0
30331810,1
11872313,1
2192622,1
7019190,1
177634,0
21915868,1
33938738,1
31141308,0
21519962,0
11558465,0
5498998,0
20255015,1
2189300,0
14423682,1
4449242,0
9994140,1
9919988,1
19058619,0
10062599,1
28379972,0
9786956,1
22908656,0
13359830,1
22330566,0
3672870,0
11746102,0
5007138,1
18692448,0
29344562,1
8035939,0
8904345,1
12554255,0
1448701,1
19087656,1
11253776,0
18548445,1
12574539,0
13564859,1
4249290,0
6178456,0
30860320,0
1954716,0
25741316,1
21222216,0
32257723,0
14659650,0
15186401,1
2272105,0
3778725,0
11887207,0
32102637,0
5349458,0
9314449,0
21366465,1
24746131,1
25142378,0
11449745,0
5982706,0
7792614,0
9520344,0
27451100,0
26275144,1
8792531,0
29590246,0
30743167,0
20044537,1
8961366,0
32612615,1
10679132,0
28455847,0
32175989,1
33204499,1
33673259,0
32696638,0
2134603,0
33344640,0
27453619,1
25169499,0
21100398,1
11056024,1
2798509,0
23578873,0
14434564,0
15161118,0
24961391,1
23143908,1
24620291,0
16242745,1
11475856,1
31670430,1
19071937,0
30841630,1
10906381,0
18191012,1
18253019,1
21496677,1
9520324,0
19018651,1
12333943,0
26725965,0
6445331,1
5684045,1
26916450,0
11354515,0
31904558,1
14159162,1
20476901,0
30199648,0
8627276,0
29460445,0
12684034,1
25103682,0
7095892,1
7006054,1
11014385,0
14327699,0
9935153,0
15476722,0
19625167,0
26003818,1
28885720,0
2719520,0
1049530,1
5219910,0
32294171,0
3123648,0
8108376,1
17732911,0
32185719,0
30306789,0
9727935,0
3986261,0
30475587,1
4543427,1
2212525,0
26002443,0
3168305,0
10099375,1
5068337,0
374067,1
24035042,1
15457773,0
18336070,0
3603255,1
5713220,0
31099432,1
21332225,1
29557775,1
23314536,1
20744718,1
24449255,0
17948145,1
22696791,0
15288495,0
2119426,1
15063799,0
33489011,0
23486016,0
19113905,1
2122360,0
10412678,0
23909681,1
7444643,0
20895362,0
29972168,1
20889181,1
23222879,0
7463643,0
4873357,0
26652962,1
19855792,0
31094677,0
24788318,1
22013766,0
24116236,0
4438311,1
22993698,0
30559860,0
14219380,1
6474983,0
28781455,1
31799899,0
19141293,0
23472125,0
13773520,0
33308236,0
29602910,0
4470992,1
3070594,0
4026854,1
25388943,0
31336457,0
170226,0
307420,1
14761822,0
13280550,0
31323558,0
8522349,0
22972786,0
20476288,0
4803350,0
21590798,1
23891019,0
10902634,0
12777217,0
17706078,0
22143064,1
7420365,0
1856954,1
1069838,0
16509204,1
9159098,1
2732156,1
23199845,0
30574982,1
14107203,0
29716691,0
6850995,0
8581144,0
6232883,0
21688647,0
5816609,1
10465876,0
33126125,0
9282871,1
29290871,0
11389217,0
2729026,0
15682813,1
6454143,0
369062,0
32418230,0
9108218,0
5184711,0
28635201,0
10387990,0
33345576,1
8985819,0
18226920,0
18237124,1
9568913,0
26173945,1
6211540,0
2762813,1
6484924,1
9622269,0
23366277,0
17468484,1
3234725,0
8869337,1
16813082,0
32127718,1
13568606,0
28400776,0
12638440,0
23968615,1
28849186,0
32314354,0
12145301,0
16581445,0
16692019,0
26370634,0
16246643,1
13705326,0
12503420,1
12498820,0
29324192,1
33996287,0
18763758,1
22908640,1
5108524,1
26019841,0
32645678,0
25296531,0
3852800,0
23411445,0
5404269,1
19356627,0
7975638,0
12123503,0
10139521,1
33867878,1
33298621,0
2766772,1
4703752,0
33945431,0
15933128,1
24412625,0
28942335,1
31501612,0
30821706,1
10773376,0
5791180,1
14990330,0
9576059,0
8364960,1
24495837,1
25668618,0
22154849,1
17159386,1
32295821,1
24814819,0
20985736,0
27827594,0
29519440,0
25929908,1
6866015,0
15440425,1
7797777,1
17713575,1
21477731,0
19033512,0
7276336,0
24107832,1
990027,0
29604628,0
26673107,0
23525956,0
6169636,0
18992481,0
11425660,1
32199317,0
150768,0
10868579,0
26825767,0
13678139,0
5474041,0
15720969,0
11284628,0
8456569,0
14696988,0
27743784,1
29292554,1
13131513,0
4754773,0
32147081,0
24220660,0
23651447,1
5256367,1
20043026,0
22321749,0
24031813,1
15627363,0
4297881,0
7503130,0
25203202,0
1684746,1
29177531,0
2948608,0
30345727,0
11801434,1
2284895,0
9809261,1
27453403,1
14663580,0
30551418,1
8032339,0
11262238,1
5156298,0
33026898,0
14332379,1
14042200,1
32162442,0
5825849,0
27239611,0
28462183,0
7725986,0
27871351,0
18664787,0
33966208,1
32867841,1
27708722,1
7500756,0
24294948,0
2638102,1
11003475,0
34021371,0
12183705,0
10715884,0
25474832,1
34045384,0
667240,0
18867806,0
3052891,1
10098298,0
25851409,1
26436425,0
28942082,0
28341810,0
2491723,0
23283797,1
22972888,0
27842325,1
9438048,1
27161634,0
4523089,0
13466377,0
23302214,0
25067192,0
986271,0
17231121,0
6748736,1
627110,1
12259620,1
23628264,0
1587539,1
30686867,1
1560317,0
22665100,1
20670041,0
18612025,0
2541742,0
997145,1
20563144,1
3713587,0
32464939,0
7400635,0
10843893,0
8308249,0
22324592,1
12562031,0
11021793,0
3328479,0
13272668,0
16778097,1
26822072,0
12405623,1
4924401,1
8698728,1
33053073,0
7943221,1
176164,0
11854293,0
15514691,0
20020016,0
27360802,1
6084006,1
2281234,0
25817507,1
4940967,0
6446279,0
30856039,1
13163033,0
12583278,0
19784065,1
17295681,0
27901561,0
14794523,0
13057031,0
984830,0
7416162,0
6675904,0
3097555,0
23302589,0
20372103,1
11835525,0
24531620,0
12121371,1
26031848,0
15864781,0
3546444,0
6933158,1
17969552,0
3436630,0
2500990,0
2501119,1
15339099,0
33445782,0
17697551,1
8941786,0
19779847,0
16090577,0
9431804,0
3171796,0
9012092,1
19526124,0
10882766,0
29192520,0
20407220,0
5178437,0
18432392,0
15945002,0
21795216,0
9096583,0
5143599,0
24862186,1
26566847,0
801942,1
32079302,1
33557840,0
8112759,0
24731290,0
10973496,1
21075500,0
18800619,0
19794858,1
11514403,0
9544143,0
2421946,1
429535,0
27496468,0
6027822,1
11103170,0
7833535,1
23324811,0
31559955,0
19238758,0
31612253,0
7959020,1
2480518,0
15762530,0
24452313,1
17280025,0
15613885,0
384435,0
22141452,0
3992177,1
27919584,0
7419800,0
4807057,0
3571766,1
19256563,0
1402597,0
5710667,0
13983231,0
32433482,0
20799551,0
30724544,0
9777759,0
16762446,1
2753218,1
1756704,0
21913275,1
17273770,1
27988135,0
30932722,1
27670394,0
33145099,1
30264939,1
6490624,0
34048173,0
22098365,1
26454878,1
33501297,0
23556218,0
2212128,0
32131794,0
23067867,0
25329252,0
125322,1
14820098,0
34040105,1
3450548,1
9997777,0
14462632,0
24366591,0
14021705,0
2612572,1
10194466,0
2670804,1
17206105,1
27580854,0
28117106,0
11286676,1
21349857,1
20967418,1
33029735,0
30654565,1
5366044,1
20752198,0
31826390,1
16374994,0
7790900,0
22485327,0
4246795,1
7040086,0
11638280,1
1575826,0
7438498,1
30027928,0
23382363,0
2996945,0
27315845,1
8559707,0
7640551,0
32080826,0
32337390,0
30214285,0
8386807,0
15177802,0
12964026,0
6439500,0
27314374,0
29787251,1
212410,1
27205045,0
27839881,0
26208610,0
14506379,0
3950324,0
25676625,0
3071438,0
29836613,0
24450557,0
12623878,0
9906667,1
23309483,1
30844041,0
4139302,0
6631025,0
13682534,0
31458586,0
20812578,0
12826958,0
2126552,0
20978636,1
17879453,1
10782394,1
20510301,0
25347516,0
3874087,0
27107480,1
28970094,1
10966048,0
9717620,0
29829306,1
25871214,1
3070066,0
30454622,1
22814436,1
28523074,0
27564853,1
22634980,0
29566250,0
31814435,1
12593290,0
28582706,1
15490812,1
30131083,0
19345331,0
10744409,1
15629196,1
12552497,1
206536,0
6686051,0
21459300,0
13273609,1
31273989,0
16453390,1
4158313,0
23621180,0
15531507,0
20553724,1
23618527,0
26135593,0
23794584,1
18404490,1
2771435,0
19500784,0
3079659,1
26047710,1
13792945,0
27167683,1
10920513,0
30977672,0
5064067,0
6806736,0
23742381,1
24926604,0
32253949,0
17066644,0
4611190,0
15598745,1
5118135,1
14364802,1
23053046,0
19268564,0
25637598,0
8304635,1
5125610,1
10658683,1
27651654,0
24010995,1
18871191,0
24954438,0
11801552,1
32563691,0
32079567,0
18318787,1
13844940,0
15295249,0
18920747,0
25268948,0
32497523,0
16451673,0
33364836,0
19788752,1
27102198,0
11783688,1
8465388,0
4865673,0
11664357,1
28258163,0
27820917,1
16956257,0
21659981,1
16670335,0
28968855,1
7351732,0
13479400,0
29007555,0
1537767,1
16414961,0
5002542,0
31651226,0
6134612,0
23378688,0
33056455,0
15149619,0
4358654,0
30390301,0
33078128,0
7148208,0
28861843,0
31040103,0
13261691,0
2997802,0
10303763,0
19845339,0
19478578,0
22655297,0
21646060,1
18379068,1
8281578,1
2642298,0
22166569,0
15712146,1
23343052,0
2957848,0
11197589,0
30058708,1
18880436,1
32968264,1
7577921,1
11313586,1
28024304,1
31867886,0
33950207,0
32427576,0
23930398,0
23996880,1
25217038,0
7795281,0
2887068,1
14324489,0
26071757,0
12613322,1
2855421,1
9041486,0
4789351,0
23526999,0
28920936,1
31255498,1
33913865,1
11651321,0
10167215,0
25400550,0
26259930,1
20086115,0
24719294,0
15942401,0
31371275,1
18614643,0
4920889,0
20693924,0
14186672,1
17193983,0
3152560,0
22576653,0
30233028,0
6050548,0
33660652,0
7158910,0
19271806,1
18077527,0
20937794,0
16928038,1
19456338,0
881654,0
32375966,1
24100553,1
26656972,0
31250786,1
33027642,0
6553527,0
4733407,0
15850628,0
27003916,1
4011859,0
2778497,0
544518,1
25615977,0
10142262,0
2901326,0
9914223,0
9697778,0
1369259,1
28751726,0
4054992,1
28739154,0
16378060,0
20001701,0
9247984,0
4147616,0
13912954,0
3659656,1
32088195,0
29911742,1
8028615,0
25033747,0
5232541,1
14136453,1
3257122,0
9058893,1
32193367,0
27966035,1
33626848,0
18532243,0
8305939,1
1994767,0
8360484,0
5864617,0
1125302,0
33791970,0
19223605,0
18225671,0
32879179,0
19718214,1
1144419,0
19374527,0
32031231,0
26085639,0
22617267,1
8133195,1
3542600,1
1240803,0
29535917,0
29844856,1
20356771,0
5556934,1
23008053,0
19361211,1
25461832,0
18740930,1
17830671,1
6390286,1
27119154,0
24438353,1
26737273,0
33613123,0
30824343,1
4880191,0
24332835,1
27851601,1
19421412,1
23154870,0
18146115,0
31516581,0
19909289,0
751253,1
23268947,0
5213343,0
9892499,1
33639477,1
18106246,1
29153084,0
11281481,0
19405609,0
26029873,1
34041606,0
17850885,0
23177456,1
4379247,0
31704054,0
16539704,0
33908270,0
25312435,0
21524506,0
30045517,0
6036820,0
17092880,0
5234896,0
3484149,1
15875193,0
24637748,0
20267259,0
17051354,1
21386554,0
11130081,1
1168426,0
31412566,0
25195223,1
23143792,0
6757048,0
30839394,0
21271178,0
666435,1
30752606,1
33644432,0
16467297,1
25950252,1
7432145,0
4317969,0
7447914,1
30499920,0
20777339,0
25455108,0
6064312,0
6972816,0
25925130,0
3176171,0
29206182,0
4884444,1
8005545,0
9244815,0
1434618,0
5149607,0
723392,0
11211932,0
12936284,0
25339620,0
21287660,0
29633980,1
1206209,0
2078476,0
30559900,0
10444825,0
33064437,0
30371523,1
31301406,1
8201985,0
21524229,0
1067810,0
3188319,0
3393814,1
1019296,1
10185278,1
32312386,1
15884777,1
22573566,0
29026168,0
14968919,0
31201841,0
16859098,0
4940478,0
23683788,1
1167539,0
443584,1
176010,1
19474883,1
30824978,0
32404542,0
19131319,1
4990349,0
7747790,1
1448297,1
26431586,1
32812697,1
16504510,0
13238022,0
26070752,0
28400837,0
14799761,1
4323486,0
8055998,0
25426290,1
17086945,0
1580422,1
16925281,1
8018777,1
6427902,1
974233,1
14413838,0
14387756,0
20856687,1
16516949,1
23232246,1
1722583,1
22468613,0
1635746,1
11620679,0
4635234,0
6562962,0
30067494,0
7344836,0
7741024,1
25708819,0
7980132,0
21175768,0
15676783,0
15141809,1
26115453,0
19822163,1
21403920,0
3257461,1
19843603,1
9139024,0
23158495,0
18076462,0
30847879,0
18561043,0
4397110,1
13064238,0
22994844,1
31333517,0
29711401,0
20463792,0
5249090,0
4002140,0
19146712,0
18394119,1
1994971,0
25568394,0
22051640,0
17355706,0
25158821,0
18907786,0
17000111,1
11306673,1
8663866,1
7953076,0
31924596,0
8680896,0
17495099,0
12184066,0
26828782,0
115043,0
20160916,0
33197338,1
176770,0
2198507,1
1453945,0
4945664,0
12127901,1
7438951,0
8965661,0
18651382,0
17696868,1
25798393,0
17161247,1
559559,1
15955686,1
32604575,0
32495213,0
7995233,0
32875045,0
11814710,0
24224294,1
3503566,0
31456747,0
33649190,1
19129711,0
32417523,1
5513796,1
18291182,1
4282376,0
29886604,0
13521906,0
4969383,0
13260144,0
32261519,0
30579536,1
6415943,1
1036001,1
25780572,1
2485392,0
1669855,0
4805810,1
14497063,0
8313589,0
1962759,1
33983149,1
17498251,0
1004647,0
22928441,0
8107982,1
9802538,1
2663225,0
7074113,1
25825390,0
22292542,1
22009939,0
19904701,0
3359730,0
27332916,0
25626932,0
2271337,0
17732326,0
30821177,1
30564150,1
29942556,0
1748593,1
19777626,0
15651379,0
23054076,0
6755309,1
10513766,0
4082612,1
3957341,1
12065872,0
8279290,0
31998339,1
19028669,1
6477901,1
26886974,0
5342614,0
23221267,0
7083822,0
5299304,1
9932322,0
23886291,0
32547827,1
32415067,1
7253020,0
6061756,0
30491673,0
13876830,0
26448295,1
29400635,0
21881397,0
1151970,0
7749662,1
25973218,1
27435536,0
29231764,1
1778413,0
12056283,0
7765489,0
29118956,0
7848765,0
13441430,0
19132880,1
13215131,0
30563897,0
8906278,1
27830933,0
21077606,1
5314488,0
1037970,0
10626729,0
22323031,0
15323303,0
14031800,0
33068324,0
10791395,1
30640305,0
25839248,1
21759796,0
14636364,0
27644272,0
28799188,0
20765711,0
5793675,0
7390653,0
18397969,0
4709230,0
13127771,0
31132629,1
33637683,0
27582326,1
11134746,1
13955514,0
5695002,1
15235191,0
2428792,0
28726498,1
3979406,0
27873560,0
5639332,1
2673646,0
17797131,1
10914716,0
29642131,0
7183959,1
14650116,0
20955898,1
15874508,0
26867961,1
8866725,0
32004731,1
28552152,1
28603605,0
18178258,0
6896657,0
7504094,1
13776983,0
9136593,0
33919425,0
19718117,1
27417896,1
17661937,0
29523891,0
21505238,1
17517079,1
3429629,0
25421933,0
23644110,0
5553418,0
26165786,1
8176283,1
13318520,1
3615535,0
11177709,0
20493457,0
33067391,1
15756441,1
14759175,0
11597812,0
23912080,0
12176445,0
9423369,0
4465145,0
18863635,0
8230492,1
21126545,0
650450,0
27077740,0
23707568,1
15729919,1
30627370,0
664805,1
24798889,0
20398634,1
13969097,1
10595210,1
20024409,1
16993016,0
34059778,0
28647510,1
6647382,0
7814373,1
10295799,0
11209444,1
8596726,0
19458251,0
9955238,1
31532830,0
12797097,0
33523830,0
17659542,0
29015825,1
23860350,0
17333532,0
27289499,1
29191561,0
32742536,1
19050236,0
10628809,0
19637754,1
7510116,0
14026146,0
3438474,0
8121188,0
18914326,0
28045390,0
14804820,1
33540151,0
25944047,0
8324245,0
17805959,0
3655970,1
18483149,1
16528262,1
28836265,0
564658,1
17259897,0
32393542,1
28663601,0
26053788,0
7721304,0
596406,1
1169420,1
29077195,0
2062803,0
2970298,1
5268055,1
7101452,0
2093951,1
31222431,0
16900294,0
33652671,1
23584888,0
19724854,0
10006170,0
24018700,0
30920509,0
14532480,0
17472006,1
17210546,1
15330078,0
14513551,0
31786199,1
4783201,0
16641242,0
10577334,0
27081746,0
26198899,0
8866134,0
5717117,0
1602556,1
14053758,0
25281014,1
20376802,1
30182368,1
7576342,0
7125081,0
23543295,0
32340010,1
6655600,0
5089935,1
30032101,0
18406697,0
13832589,0
12129388,0
18780219,1
6734325,1
30189645,1
26541509,0
28985631,1
15009581,0
27276557,0
4311945,1
20188545,0
6187276,0
17178732,0
8683164,0
16883488,1
20633129,0
2507188,0
11903990,0
30469239,1
606428,0
27058441,1
8772461,0
13357810,0
25427260,0
32847350,1
20764406,0
6637829,0
28985245,0
18527958,1
30593886,1
22062884,0
22384949,1
10447093,0
2620805,0
26911080,0
25573249,0
18856473,0
11456403,0
15790170,0
29953113,0
9640683,1
28813819,0
11639066,0
15266957,0
6480693,1
33893857,0
20877299,0
10234628,0
1688877,0
18766526,1
10983070,0
27687523,0
6489447,0
18185020,0
28603651,0
29386131,1
21423886,0
2897594,1
2296817,0
869159,0
19824681,0
25406569,0
14242620,0
8062725,1
13219947,1
6331292,0
10156743,1
21575140,0
3241345,0
27958333,1
17089979,0
18083107,0
18480663,0
2369735,1
3620818,1
29858078,0
29344857,1
12552598,0
27619749,1
19035480,0
27835863,1
5257126,0
31873519,0
27929088,1
1560401,1
10363701,0
26395502,0
3727132,0
28861267,1
15751128,1
28770217,1
6314056,0
4134162,0
22868139,0
12349704,0
32765016,0
6270106,0
27783037,0
27638823,0
10613814,0
20679440,1
4340074,1
7744501,1
22285461,0
21525862,1
843056,0
29299156,0
28133276,0
21044472,0
27264420,0
23224603,0
19559984,0
11035036,0
10682926,0
6916671,0
4931992,0
14693312,0
2424812,0
17631799,0
22254333,0
286859,0
22700714,0
11837160,1
22912882,0
19344352,0
16750065,0
14675268,1
28825784,0
17855470,1
33577525,1
17556238,0
31355432,0
15655788,0
22146094,0
33746582,1
24611616,0
26582285,0
9291279,0
5081727,1
30385531,0
17987968,1
28782810,0
1776687,1
27207467,0
11507105,0
21611438,0
16301319,1
13272429,0
2907178,0
10696215,1
28395285,1
6617716,0
15613199,0
22633384,1
13284569,0
28578361,0
15001742,0
10020691,1
3481056,0
25628740,0
1246359,0
2821485,1
33503149,0
15512074,0
3718543,0
22789069,0
2931205,1
10301201,1
26709282,0
20432501,1
29662076,0
4630466,0
2662902,0
26122159,0
19005923,1
19264660,0
32633594,0
10033233,1
7984771,1
21403071,0
26997035,0
16136763,0
22627345,0
1828101,1
28477646,0
9759678,1
17006719,1
1163549,1
20801818,0
4813274,1
2909956,1
29938391,0
11868209,0
27681745,0
25146678,1
23014659,1
24154750,0
10586852,1
19442550,0
16545346,0
32754739,0
27635682,0
12589810,1
23162059,0
14491133,0
15593104,0
23396390,0
33807980,0
9274121,0
26484183,0
21303637,1
17432924,1
20048489,0
28435239,0
32443037,0
18530177,0
5289496,0
7383434,1
33113612,1
24954587,0
28211213,1
12992900,0
13335208,0
29971072,0
13814336,0
21766898,1
18821225,0
24075233,1
29508332,0
24594508,1
3601620,1
16880352,0
7025833,0
30560714,0
18766485,1
28902394,0
4056214,1
15284072,0
24204738,0
3191723,0
8076234,1
12359400,0
22556731,1
20365894,0
19103064,0
23853368,0
14642734,0
158879,0
5754185,0
24729463,0
24114338,1
1371807,0
28098846,0
23520464,1
20559923,0
12248390,0
9129779,1
21149163,0
5403763,0
33513832,1
3543534,0
29718058,1
27162843,0
22570066,1
4356480,0
33096006,0
2476940,1
9992007,1
21694562,1
32678209,1
8102356,0
23791942,0
25462961,0
27066379,0
8133043,0
5742477,0
617481,0
15455527,0
12363672,0
2912567,0
27040002,0
17353083,1
28796323,0
20514277,1
8267554,1
17373298,0
13560533,0
26661004,1
25109800,1
26036656,0
6065507,1
32767074,0
30889596,0
12774400,0
166684,0
23881848,0
4813945,0
26801437,0
9089818,0
30027977,0
8674193,1
31631513,1
16147658,1
8153256,0
29628577,1
188140,0
160011,0
23706837,1
19851726,0
32256996,0
1002867,1
9387858,0
33280815,0
18920435,1
6572556,0
9039215,0
32432173,0
186371,1
22029831,0
32008501,0
5444313,0
29250956,0
28520029,0
28390871,0
13405175,0
19560753,1
20386937,1
26716036,1
5345172,0
19194214,0
19905531,1
31374286,0
15147226,0
27563160,0
196493,0
7068772,0
15383715,1
26875289,1
25443857,0
16440124,0
9975257,0
27992898,0
27965839,0
21696488,0
10307478,1
31441696,1
1829405,1
21880373,0
20378189,0
33729379,0
18578115,0
26622191,0
22283507,0
32502329,1
30528895,1
10222936,0
11204580,0
28799448,0
15953565,0
12871640,0
27442590,0
10856333,0
9794008,1
24827614,0
20733171,0
11793864,0
28991986,1
19286829,0
17152162,0
30367159,1
17577501,0
23703337,0
7393287,1
5468672,1
4786453,0
7246203,1
24639427,1
10119012,0
22860816,1
6740575,0
5455782,1
7896159,0
1045095,1
10251796,0
12114723,0
6468034,1
24526989,1
15428483,1
5560784,1
11515496,0
26320494,1
31241298,1
19073392,0
28763074,0
32001424,1
9198074,0
22095936,0
11903395,1
5304611,0
6658276,0
20112004,1
4846280,0
1017803,0
6236362,1
8440805,0
10304875,0
19366232,1
815250,1
33683239,0
764742,1
13320160,0
29903400,0
28319091,1
34074317,0
32550224,0
18721156,1
28439875,1
13373421,1
33403506,0
28618755,1
1732126,1
12941390,1
1254064,0
24906943,1
5752342,1
29073522,0
18578551,0
16302560,1
31037078,1
18451645,0
8200631,1
26351249,0
3773631,1
1897347,1
27651926,0
5992945,1
9547256,0
12692114,0
24078582,0
23176122,0
15026900,1
643222,0
16769667,1
1874259,0
9729880,1
23903342,1
17064523,0
16451138,0
30754953,0
21031148,0
8408334,0
21396839,0
3814325,1
22412151,1
7835915,0
22085915,0
453373,1
26949709,0
22080347,0
6294444,1
21354702,0
356938,0
26851919,0
14595371,0
18142513,0
32427748,1
9217122,0
17104892,0
17556360,0
30319433,0
15946392,1
33901419,0
5592694,1
7027942,1
25177406,0
30760534,0
14648171,0
22995245,1
6520172,0
5222056,1
18195749,1
29160982,0
9130774,0
7681916,1
412218,0
29853598,0
6435808,0
13164751,0
9658790,0
18634500,1
21685511,0
16368171,0
7077441,0
25987463,0
27023023,0
2891371,0
12418989,0
30105816,1
19906259,1
13697015,0
3004368,0
25438867,1
21709460,0
16214163,1
29525174,1
20202935,1
554296,0
26006273,1
2017966,0
17157240,0
6012083,1
8989908,0
2001375,1
8529595,0
17902607,0
21907957,0
8408598,0
5363547,0
5683955,0
5403907,0
7733735,1
1598846,0
14473798,0
4864153,0
22023447,0
30440078,0
16487144,1
31350032,0
27186542,1
10068718,1
23786580,1
6650283,0
17157687,0
20733466,0
1839748,1
5277594,1
32057148,0
23240121,1
23525372,1
699226,0
17965826,0
24883769,1
32822846,0
9976038,0
22445433,0
20897738,0
6271798,1
7763184,0
1755110,1
18611864,0
11374140,0
24797922,0
10239187,1
14956586,0
22999992,1
1623785,0
8734851,1
28648065,0
10879527,1
26866600,0
18424737,1
31819949,1
18839539,1
2659348,0
32663299,0
29406903,0
19036142,0
7510622,1
14782838,0
21752467,0
21816720,0
11353344,0
2228047,0
28099591,0
2571567,0
16661220,0
20092017,0
9412699,1
25489074,0
27391308,1
30253417,0
5934482,0
27379256,1
15892586,1
15745899,1
12562303,0
17045828,0
4520068,0
8268169,0
23822396,1
17852410,0
3528018,1
33281125,0
33496191,0
18537425,1
22432015,1
22069995,0
7600685,1
16304806,0
30723236,0
12329807,1
23858001,0
10552641,0
32143169,1
15840046,0
11029598,0
7513397,0
29302430,0
29504377,1
14498343,1
21624756,0
33695944,1
5071682,1
10139971,0
16246346,0
23891361,1
14859460,0
28694448,1
20790064,0
2226725,0
32230514,0
878389,0
4208097,0
30021542,0
669178,1
12464706,1
12677442,0
5908490,1
26663349,0
9109498,1
13636164,0
20745986,0
14429018,1
30446828,1
25293661,1
8607674,0
8306407,1
32507251,1
30656945,1
22489241,1
2532892,0
24967024,1
5939223,0
30591286,1
27023697,0
30437016,0
26602425,1
33585880,1
29349649,0
22848099,0
27845253,1
264461,0
20831659,1
26209736,0
22649658,0
22612524,0
30514899,0
9419092,0
9705196,1
5750265,0
21264521,0
13953838,0
18646338,1
31853834,1
8456651,1
18457430,1
27781161,0
11650390,0
19328075,1
9753237,1
3386470,0
22357433,0
8399229,1
26723910,0
6988303,0
14700986,0
21073951,0
12390592,0
31607825,0
19865823,1
13678003,1
27021899,0
25435160,0
33005881,0
1499333,1
26412401,0
26573370,0
15606277,0
28786035,1
5593318,1
26097174,0
11756393,0
6676296,0
29185193,0
25083996,0
7372937,0
4100761,0
7952827,0
2965184,1
24051597,0
27994950,0
29758729,1
32706936,0
20265105,0
31980142,0
9781946,1
17586190,0
30558892,1
14993765,0
7405793,1
19139061,1
13435125,0
7713326,1
11398039,0
26475010,1
23941439,1
5047411,0
32000103,1
31326360,1
12353276,1
31670129,0
6115337,1
14283669,0
4810155,0
21745929,1
2355124,0
15762213,1
24816357,1
4606875,0
10476250,0
10326477,1
19730830,0
1906150,0
32784910,0
27095307,0
11104964,1
31167872,1
10474943,0
17153654,0
3489685,1
23617354,0
5519999,1
4131958,0
27785915,0
5120732,0
13441380,0
20923525,0
24164403,1
18862455,0
30931379,0
14392731,1
19983966,0
17703161,0
16517756,1
24620284,0
2996499,1
32455354,1
22367926,1
18905407,0
33885804,0
33642407,1
30458312,0
31033324,1
32263485,0
4481225,0
30923090,0
21373744,0
22419753,0
29233999,0
27875333,1
32724285,0
26272282,0
5384684,1
28740404,0
30220539,0
3390251,1
12211884,0
6616217,0
9425197,0
23509260,0
14729517,0
13099756,0
33521516,1
737594,0
14060104,0
12582893,0
14924367,1
8446663,0
3390111,0
6197355,0
21550464,0
12230034,0
32284822,1
17901504,0
30992973,0
31686439,1
637422,1
2345369,1
21440514,0
336302,0
18791822,0
25680767,0
9276864,0
17791072,1
28537417,0
31856563,0
17775403,1
21943006,1
16291371,1
9762712,1
18352003,0
6599272,0
14239880,1
13164941,1
11631248,0
27438986,0
14292925,1
22313983,0
24884096,1
22832782,0
13830219,0
9804319,0
19360365,0
28674565,0
24979600,0
5448532,1
23521904,0
24431311,0
31650754,0
33578825,0
7651582,0
11619320,0
31488164,0
32882952,0
30385610,0
11235989,1
3589472,1
4412542,1
17061261,0
28442985,0
1840175,0
26872247,1
22591160,1
3382860,1
33085115,0
20669632,0
9877629,1
10633485,0
1801865,0
10525938,0
2798804,1
16219012,0
19794966,1
18809775,0
5087476,1
9360213,0
1537986,0
10578468,0
21029993,0
29919635,0
10957718,1
23142940,0
5480131,1
13456156,0
27653708,0
18160888,1
32685371,0
12451633,0
31341393,0
32394412,0
6427304,0
7685012,0
1708029,0
5650783,0
17523341,0
33230601,0
6275360,0
26233882,0
20380838,0
7874992,0
11351844,1
17016357,1
28270687,0
24755228,1
2945627,0
26854763,1
33815582,0
31786440,0
16285007,0
5676334,0
1466910,1
23898913,1
6157395,0
6529535,0
5561057,0
11007746,1
9025460,0
27788146,0
4835561,0
33762123,0
13921972,1
8689502,1
16415214,1
4442783,0
15483020,0
9735905,1
17245568,0
6534154,0
3950381,1
909921,0
7804361,1
14491347,0
26815054,0
8640262,0
235059,0
23524095,0
20813640,0
21614966,0
31955393,0
7168972,1
30268786,0
28025068,1
12501731,0
9201844,0
18163481,1
10109918,1
23033814,0
12345852,0
33862291,1
31440979,1
11040993,0
3789203,0
16593578,0
3153319,1
22031004,0
10877064,1
13853009,1
18219674,0
30891206,0
5389485,0
1887947,1
6585271,0
31982389,1
15890667,0
26476116,0
7605966,0
31434760,0
14220307,1
3157408,0
7588053,1
13113267,0
11419464,0
13921273,0
15280522,0
16022729,0
8905709,1
15189383,0
27001166,1
14307373,0
29308531,1
31202637,1
22740577,1
33303701,1
3599309,1
22636908,0
27864427,0
16119994,1
27065210,0
17294168,1
4365595,0
10982960,1
28445561,1
12537530,1
7409013,0
5213364,1
15080824,0
12348221,1
28266162,0
26774370,0
4781061,0
10860917,0
12201005,1
20852430,0
30084066,0
26422950,1
26582312,1
9566602,0
13553458,1
19086539,0
6828945,0
6189599,0
828297,0
7405971,0
26928468,0
9149311,1
6804612,0
12453880,0
24717785,0
22251477,1
26756554,0
25801761,0
24761919,0
3786357,0
15643633,0
30881587,0
11577378,0
19157845,1
27117314,1
3790118,1
32339629,0
18643508,0
8017523,0
16682933,0
19388568,0
3355836,1
20444117,0
29853602,0
22285242,0
15806452,1
28828588,0
17497732,0
28982420,1
14478121,1
4555411,0
33625832,0
24230124,1
30929851,0
16291041,0
17284822,1
26268894,0
22144572,0
16334740,0
6487368,0
30136901,1
33217358,1
14664181,0
11391855,1
19267322,0
15161625,0
21019569,0
33702120,0
2131763,1
19014611,0
24065665,0
6905904,0
19780796,1
16586912,0
29961316,0
10028658,0
14661317,1
22022079,1
15809429,0
14005353,0
28526216,0
20414843,1
30896200,0
18972429,0
27699272,0
9752199,0
18125784,1
33895715,0
21390571,0
17076481,1
4324374,0
7628636,1
2960602,0
4005966,1
17648285,0
23220118,1
33849824,1
24500860,0
33808014,0
2328601,0
27755226,0
16120837,0
14324482,0
15359729,1
23514337,0
13877976,1
5373037,1
30054225,0
862631,1
2979501,0
28744869,0
19967611,0
21146975,0
172939,0
27091182,1
573599,0
24183732,0
30631860,1
4814112,0
12856749,1
11590148,0
7705550,0
5559254,0
5512597,0
20254022,0
4971952,0
7410411,0
11723208,0
24240769,0
2015326,0
10798466,1
8233034,1
6344112,0
29038923,0
15491275,0
8359264,1
29301637,0
30235145,0
22154575,0
27818955,1
21456471,1
18259047,1
27231371,0
32007623,0
2904920,0
7006598,1
18309621,0
31416300,1
30877440,0
32471033,0
17222704,0
17065012,0
9043486,1
8315825,0
12804726,0
30099295,1
23435660,0
23753645,0
5933054,0
29319979,1
32576248,0
30491028,0
33122080,0
23625979,1
15955528,1
31352536,0
7174872,0
18028057,0
6126766,0
11662723,0
29851621,0
19548508,0
28817466,1
2871309,1
13309665,1
32174929,0
15601701,0
2198992,1
13164519,1
31134293,1
18169899,1
19368030,0
29105553,0
13846871,0
9729770,0
12437536,0
18149182,1
30195915,0
440991,0
4670034,1
9978041,0
3943614,0
27876178,0
6784141,0
24500224,1
31457662,1
3335054,1
13207626,0
1410368,1
8722655,1
29256398,0
3374144,0
27895937,0
20127696,0
15007153,1
1520541,0
29312343,0
8438220,0
17933435,1
12740972,0
16291091,0
20273684,0
3569456,1
31570299,0
7787329,0
12077097,0
7805306,1
28445689,1
28623845,1
25262645,1
20652351,1
6355906,0
2996093,0
33386976,1
5622120,0
5639258,0
4878799,1
18286400,0
13891717,0
5103669,1
2414022,0
24507370,1
30166182,0
1147782,1
21402338,0
3557811,1
28209772,0
23821379,0
1058632,0
1121422,0
30798065,0
1642724,0
9368528,0
32286598,0
23501413,0
29719703,1
22528162,1
8639460,0
1093531,1
8746852,0
4073343,1
31900658,0
2234703,0
806904,0
10574720,1
25472196,1
26057473,0
30374662,0
19801696,0
17473218,1
24256242,1
19616173,0
905926,0
24318690,0
18553980,1
14931154,1
5695970,1
28193653,0
18369494,1
3578649,1
8415941,1
32026707,1
8435821,1
8086902,1
19250117,0
15581141,0
9916312,0
12974211,0
4972115,0
18414425,1
12296564,0
7877735,0
26896861,0
32057803,1
29551259,0
4646514,1
4682464,1
4314190,0
26192576,1
29485148,0
13483973,0
18920940,0
1279386,0
25349132,1
30347895,0
4446805,1
18332301,0
21876191,0
20210237,0
30209902,0
16321279,1
572013,1
8241599,0
15654592,1
5652505,1
10312687,0
22677966,0
16575094,0
970692,0
33787084,0
22335681,0
25994890,0
31773290,0
27819560,1
20682559,1
20539616,0
6038396,1
11760372,0
1288462,0
18664411,0
32225754,0
3306258,0
25401444,0
28655788,0
30052746,1
25007751,0
30947916,1
30404364,0
30474833,0
30881365,1
20050616,1
2807925,0
19685706,1
6998547,1
6117288,1
6341953,0
24661838,0
13562115,0
19462800,0
32948867,1
18418329,0
12874695,0
14598829,1
249241,0
22741690,0
21144630,1
29292782,1
13985621,0
32083524,0
19702526,0
22473832,1
4656707,0
6898873,1
23892984,1
27140560,0
9619584,0
33906151,1
15385224,1
11485333,1
19985368,0
12006185,0
20327384,0
8037643,0
18700265,0
29784721,0
19465744,0
12871031,0
10570139,0
8452672,0
24262995,1
27786082,1
15720935,1
13796433,1
21870553,1
16429818,0
13488237,0
8736825,1
26433315,1
5632192,0
22234018,1
394704,1
33118026,1
15065387,1
11672163,0
7327226,0
32543729,0
11636473,1
21129467,0
5633488,1
10507347,0
31259942,1
30248604,0
29010841,0
6431509,0
32012548,1
19768033,0
20392976,1
22883322,0
33478792,0
16593501,0
12301744,1
18682362,1
25767451,0
7764782,0
14503212,0
5423283,0
22769009,0
31350580,1
25252727,1
20133650,0
15534470,0
33457098,0
14270842,1
2372620,1
18425835,1
29101394,0
19393023,1
16217196,1
14348277,1
17654349,0
22113565,0
27500999,0
18590608,0
26123949,0
32295758,1
5517233,1
24120948,1
4776548,0
17600659,1
16382196,1
30193954,0
19754571,1
11466228,1
11593846,0
3010457,1
29152841,0
13610415,0
21037964,1
30615929,0
9078045,0
15824433,0
32850904,1
16767837,0
31846443,0
14721676,0
3766979,1
8250139,0
26371623,0
641560,1
29783418,0
11837278,0
33125824,0
23889941,1
6669054,0
27027893,1
25908267,0
33454112,0
30017956,0
11390867,0
12848898,0
7687236,0
31494079,1
3565587,0
32321401,0
5555535,0
10058995,0
21916582,1
27346813,0
5897148,0
3006896,1
5626861,1
5609679,1
10465500,1
12332742,1
24836370,1
17365097,0
5507393,1
23201089,1
7527890,0
14714162,1
18175698,1
20611148,0
6592185,0
201782,0
31336992,0
6668310,0
27856249,0
21081214,1
3528866,0
31550340,0
4404552,1
15279020,0
31844943,0
32188510,1
13141643,1
31805242,0
613882,0
33832372,0
22031844,1
18951705,1
20070270,0
6258376,1
14949223,0
20300551,0
3308639,0
29270824,0
21598542,0
28263359,0
3143086,1
30145444,1
26814167,0
13435360,0
17299891,0
9565891,1
23003615,1
439113,1
4339168,0
6479537,0
33669959,1
10735203,1
8983646,0
32763877,0
664203,0
7003792,0
13167388,1
19495372,0
19583458,1
24788514,0
1869631,0
24392113,0
24147745,1
18258365,1
28436482,0
15306043,0
7746150,0
603738,0
15653362,0
19655042,1
11662816,0
17392067,0
21959477,1
11028156,0
1199183,1
15919411,0
12421005,0
32152488,0
24096756,0
16585535,1
12585442,0
6069283,0
4772713,0
23297664,0
15536844,0
15603217,1
27147210,0
2514842,1
3975810,1
21000682,1
20479691,1
20789194,1
10254217,0
5108616,0
28799657,1
16686005,1
10819263,1
26544742,0
1602342,1
2812609,1
11187360,1
8776250,0
31729195,0
8707616,1
14307486,1
7531655,1
25300021,1
27080393,0
10235485,0
28501589,0
318594,1
14746183,0
4684868,0
171363,0
16589258,0
24159138,1
30219733,0
2411347,0
19174010,0
30967050,0
19105228,0
16838085,1
16394550,1
18314498,1
14106030,0
20452054,0
15937335,0
29776332,0
4316536,0
633776,0
27576459,0
22018914,0
5387608,0
12365853,0
18097058,0
18867838,0
13623598,1
32104531,1
25293724,0
13519129,0
4709721,0
30328161,0
32812837,1
27156061,0
26997199,0
31891844,1
10626522,1
29187424,0
3600383,1
29869834,1
13829177,0
15884670,0
16572408,1
14705653,0
27100614,0
4017684,0
15217438,1
33516010,1
8522319,0
3122429,1
7075420,1
3115955,0
22677084,1
7392626,0
26190122,0
28731911,1
19979279,0
21338973,0
18296015,0
18128896,0
3573982,1
18669333,0
18153640,1
11986797,0
24968800,0
15135835,0
10087222,0
23268630,0
22587986,0
26008125,0
6131925,0
9825483,1
13162324,1
33894671,1
4742537,0
8328670,0
15257410,0
7976471,0
25075441,0
32264156,0
14987065,0
19819176,1
6671598,0
30717974,0
32007069,1
15080077,0
7937835,0
33627278,0
23998957,1
4591732,1
18324833,1
26252710,1
6383783,0
32556460,1
9939238,0
25071720,1
25473809,0
4539500,0
16302231,0
2452670,0
29572193,0
2956518,0
6234433,1
30007738,1
23564564,0
7058670,1
8946826,0
14673229,0
11402742,0
5042038,0
29092491,1
23920178,1
32320819,0
10058568,1
13299462,0
28278432,0
30186060,0
5356905,1
20556738,0
27160742,1
22851103,0
20399732,0
22308177,0
13872379,0
24284331,0
21663252,1
15946601,0
13525350,0
33520471,1
1966422,1
17108494,0
21995772,1
30057959,1
1551217,1
21095511,1
32441742,0
11451327,0
31042025,1
23892554,1
26980898,1
32939885,0
2689444,0
1433572,1
23534080,1
4926743,0
25811304,0
8893415,0
28059131,0
18602928,0
25940327,0
13000854,0
32816767,1
31903839,0
25825945,0
23101523,0
25395155,0
25855225,1
19365012,1
1552742,1
4258279,0
10368988,1
10259349,1
9301773,1
9520482,0
30057826,1
7912404,0
3604976,0
13002379,1
11470353,0
7511132,0
278414,0
10627383,1
21283839,1
2337107,1
23603995,0
23118457,
3231693,
17157617,
27469208,
3637734,
2845526,
30787882,
22005785,
19225231,
31145218,
11856581,
33141158,
23778052,
16337254,
23867738,
13452814,
16363966,
22622059,
6151214,
308946,
18584165,
13333808,
15176116,
19875388,
22299305,
6385509,
16383805,
11283748,
11333732,
3145555,
8688188,
28566158,
26115730,
23032166,
32264595,
20393466,
18500107,
30117260,
3756866,
32931040,
32914017,
11817007,
20840632,
32308369,
22590684,
24699041,
1004451,
7284779,
20475270,
21039151,
25736925,
15855038,
22171955,
10430022,
14068336,
2914672,
2395650,
4759633,
32796321,
16608402,
25285486,
16853589,
2534568,
25368894,
4967475,
33386490,
6092015,
7969223,
29599761,
3936822,
14737093,
11197946,
9146106,
27777057,
2505031,
870524,
27633909,
16028749,
7461467,
21185610,
11343742,
19473492,
31504775,
14655820,
28292283,
32833758,
11431499,
11006083,
16291271,
4118181,
14197938,
32415322,
10663326,
12734393,
29507854,
12109981,
4334902,
31701019,
11456740,
1419853,
33344633,
27729884,
6665836,
6410002,
19897466,
6252572,
11330583,
8906993,
2368212,
28707095,
33430370,
33308384,
31859458,
28821598,
136544,
8907123,
5249961,
4577998,
19992496,
13104393,
18965599,
32817361,
26932483,
695090,
19588648,
17602611,
29419945,
15813850,
10219592,
12231501,
28024923,
5463041,
25086188,
3337146,
4868391,
26855424,
20313559,
27219560,
11254456,
3745062,
3634244,
16697667,
19090496,
22881176,
2023667,
21605877,
12209215,
25056111,
24453495,
18081989,
23323219,
6704322,
20120253,
7171400,
9809914,
2338153,
3342434,
11525835,
12115577,
4756821,
14194803,
14150578,
13109081,
18367687,
4060479,
13433845,
31492087,
20816452,
32922590,
33759982,
23925755,
3916224,
21082089,
25795992,
19689548,
12671121,
12030222,
28965388,
32081873,
4909842,
29755497,
32214659,
25853529,
12756539,
1120473,
3215580,
25551983,
27151965,
9974994,
15180608,
1334050,
27481525,
689739,
5624793,
31702682,
4478724,
19394810,
11891920,
6480007,
24111836,
19564242,
25782971,
12482933,
5912564,
15215686,
4885544,
7985623,
3658954,
23670094,
26556482,
11796157,
14041643,
32301225,
33370455,
10598814,
28530059,
29662994,
892931,
28124121,
22361353,
14424042,
17279597,
3749747,
25217858,
20635927,
4208671,
9219833,
23806714,
16822279,
23179780,
26018798,
9859368,
9925277,
30772272,
13916458,
31749853,
16755571,
2046995,
23237244,
8031708,
21583720,
32312290,
4191760,
14965271,
12954871,
22729720,
31561502,
13285383,
13474027,
14138254,
19474625,
29935021,
8557779,
3229547,
25594308,
33809822,
26584120,
3936295,
10043509,
24594421,
2984464,
23503070,
31788639,
6767927,
25162579,
19818770,
19957437,
5628926,
30730585,
6772369,
27590949,
33384190,
9945616,
1019525,
22560525,
6035185,
33399429,
19164687,
29960909,
13062452,
4541226,
22954139,
27921880,
31810740,
27968487,
5528105,
4802163,
1715657,
25888559,
14588344,
19950889,
24331688,
15312496,
14983985,
12772606,
1210412,
10121677,
22068843,
15895257,
13031156,
16723953,
26399180,
17956645,
30755967,
32044655,
11950929,
9126990,
17600843,
29815325,
16540539,
31393799,
9340740,
1909658,
8459935,
21743253,
6295219,
5967013,
14155531,
6319403,
16885442,
5000783,
5704696,
18301748,
11185341,
18581086,
33247039,
30244777,
27366976,
17472453,
24744140,
20365542,
21291015,
9385448,
33956992,
10545358,
21208183,
22355419,
7552523,
6847710,
27101282,
30175054,
17863389,
33205263,
17379194,
12587627,
16913668,
10119904,
32835107,
25278236,
5420491,
28734585,
33096790,
1875037,
22505131,
24182236,
11708280,
11167484,
2613735,
1188172,
31961256,
11754000,
5063135,
13914491,
26346232,
6289848,
22367768,
7569008,
19089607,
22844494,
9493118,
22401765,
27061862,
17577906,
13376431,
25297758,
14470631,
5194220,
1216346,
33665101,
22060275,
25780585,
20734312,
12386783,
24484905,
12773748,
14820763,
30676212,
2531371,
504402,
8234778,
26981036,
30480328,
2254717,
25668036,
28663933,
5617815,
10709221,
28925262,
19857490,
18312803,
21700835,
526661,
19768140,
4263287,
11217114,
7197037,
2460384,
6406471,
5889305,
30600562,
14801948,
21003133,
21314393,
3302743,
32862916,
14248246,
12631956,
31647837,
22879032,
27483096,
4743892,
6554982,
2713980,
31148388,
15126576,
5189139,
1037901,
33679172,
19143454,
22802782,
24216526,
23455293,
24758300,
5577128,
17900605,
19747625,
29062041,
21422562,
29016200,
2946429,
25256079,
32103540,
29360868,
14507668,
19291286,
26564090,
19022383,
17529670,
33386376,
18142912,
9017670,
852472,
26347526,
25833224,
3039427,
6518810,
26754973,
30304361,
20740366,
3167599,
28461784,
31343267,
4083298,
22156231,
14142850,
29243576,
18492592,
30291336,
5270320,
28571995,
20754171,
3683372,
6359693,
6415246,
11420913,
4040015,
20381354,
25088480,
4578693,
25916573,
11107056,
17521233,
14963687,
27166328,
33122862,
25594387,
20617914,
16388769,
8829928,
32883983,
27011237,
33055694,
1116828,
22985789,
24962416,
26856324,
32209841,
7413356,
17704538,
24095212,
4216088,
16320003,
23933815,
23828684,
2253278,
33813646,
15756296,
1728046,
27115629,
30136928,
19443003,
18110681,
5471438,
29955073,
29362417,
18775289,
12923255,
18853132,
20579127,
12937053,
27921240,
21251824,
22779540,
20389689,
33656785,
13952443,
28942502,
7356229,
8502396,
1269422,
13117306,
27561036,
3163589,
32121673,
32179963,
3615704,
13829786,
25732508,
17060554,
20154302,
32705196,
20431361,
10325857,
16334850,
28234752,
10885544,
21940517,
7559816,
25626275,
22101084,
27708592,
3821354,
28776531,
5207212,
17442010,
15059132,
3504580,
26125778,
22022155,
28882371,
29360132,
3600667,
32744297,
13937582,
20956695,
18151187,
1526830,
11266191,
8654807,
1451548,
13124784,
15821042,
5461357,
32156054,
22822290,
22649557,
18612560,
13952009,
21184967,
26734639,
32230775,
31357761,
31566341,
11609812,
12943621,
28826149,
33293108,
6442245,
10153871,
26227188,
5288464,
11574034,
8153603,
24524587,
1471327,
1855985,
7961993,
12041099,
5519315,
1954987,
18166893,
16363975,
9214051,
12413810,
27331099,
13305344,
12128531,
19398580,
27665983,
1562432,
266554,
1694444,
30920262,
20429913,
14410205,
11290131,
17029588,
28447305,
20808663,
19641027,
25550619,
24685748,
14918133,
24842637,
9609466,
33191401,
5902653,
23585613,
1680340,
31588956,
12521063,
33720890,
15785466,
3184448,
8072874,
11888945,
8672400,
25639227,
33297623,
14504846,
33394577,
20684308,
18441280,
22359678,
1036350,
10458168,
24894988,
7441323,
17647986,
2150300,
1278864,
6576206,
33721352,
3958858,
32232630,
1991330,
19629128,
18252813,
26666601,
18409850,
26766709,
22076870,
26870535,
17162766,
33354073,
17143562,
21906590,
7645774,
11057005,
26936783,
842264,
21250216,
4521158,
14398906,
17831809,
7567159,
22813878,
24941274,
2583980,
31639698,
31653014,
15743192,
28270120,
14928219,
29014312,
24005300,
24294993,
22553092,
29606240,
22759365,
29779821,
17356486,
11202870,
17278696,
24057904,
5618443,
8632499,
30941504,
2141706,
15293649,
9365992,
7213232,
32855122,
22671140,
13873932,
31917065,
7521358,
31831288,
27927013,
22877617,
29797406,
28682773,
28424239,
32378574,
14881286,
4397074,
20206887,
33641642,
23365397,
9620513,
26754729,
24791124,
14993328,
4737099,
21103572,
32592899,
26080578,
29717053,
24171724,
7126909,
17835441,
30437898,
22828790,
4671924,
17204552,
32937719,
12768994,
15057399,
3200489,
4568571,
5905994,
20561503,
4536309,
26240878,
245407,
1581397,
17625016,
21855952,
24472544,
22271509,
26027962,
15821052,
5596357,
33183702,
23339480,
31297174,
32334246,
18816623,
958746,
14935825,
10689929,
28575057,
17485248,
13986873,
12328362,
4815051,
7196052,
10314573,
6281817,
21932987,
18731268,
22730117,
18759379,
1122228,
1042581,
2505654,
18261354,
18635211,
12347172,
10224817,
26499247,
11957177,
30401209,
18247583,
30438919,
15794568,
8605332,
18201811,
20102349,
8283683,
10992487,
16121475,
18741949,
7577103,
30073042,
20979946,
14580423,
2786708,
5791091,
8830454,
21371116,
15960681,
7778655,
11762609,
32213412,
3359030,
16512974,
1029666,
19042831,
19564748,
10873690,
33788063,
16805707,
33573212,
18312214,
23800519,
16821472,
33872460,
18665925,
17119186,
19524865,
11585806,
2895523,
18398035,
22996849,
12309148,
11347956,
8502539,
17094452,
2659996,
7854218,
7823230,
13796499,
34042550,
14526312,
321633,
26766073,
18375045,
12613995,
33509419,
12423684,
5223124,
17895678,
3631155,
16229858,
16537459,
28432930,
15791042,
12062860,
5629688,
23711334,
21647462,
18133914,
13972238,
7730976,
7187542,
13169286,
4858668,
30203183,
12938609,
11976227,
19615842,
17695290,
27348090,
1530795,
7906501,
22082044,
34081638,
27482092,
19094979,
31350606,
33461761,
19976393,
20863629,
29540031,
23970210,
7282230,
27028259,
9572305,
4152125,
2600975,
12172928,
18688383,
10014615,
5870097,
13202297,
18765462,
19973503,
18266126,
29846547,
644902,
16509306,
12962814,
6921753,
29017127,
21016549,
28883717,
18514271,
10934996,
20918295,
31649992,
15978544,
17044490,
29768484,
22897398,
3418654,
2208045,
10988353,
31099979,
12061278,
29372393,
28546610,
18031203,
17190286,
23630408,
30244275,
28851686,
16682895,
10966934,
6264871,
14086780,
14247022,
7866978,
28681787,
26723592,
24026337,
10330171,
18537975,
19375444,
22617550,
3639776,
9075791,
271603,
10111782,
14080516,
17961170,
18302430,
5771613,
18461359,
2955463,
11997826,
5460665,
27406344,
16202620,
26824866,
4989094,
28771351,
26623014,
20464587,
13298404,
11821827,
30276795,
2062617,
29736662,
20288284,
27214718,
20287220,
33363866,
6289053,
24688297,
26013326,
6936023,
1536354,
5521024,
5017972,
21490245,
12801614,
13748775,
9567107,
31083773,
18892057,
19314157,
31610581,
18689590,
3840403,
17439309,
29115254,
10115512,
33675112,
10163731,
1985055,
28451539,
33163937,
1107532,
13512526,
1699152,
2191943,
4765900,
20917044,
9847567,
8997912,
14344513,
27468815,
10405568,
29905573,
32887240,
5844105,
18512730,
366331,
15579177,
21884087,
26666230,
8914936,
6928349,
7337243,
8293804,
5665794,
23775656,
6403004,
28298970,
11594860,
3921122,
13409482,
27877572,
31183739,
19841040,
7522970,
7131889,
29280977,
1642801,
6516888,
27708201,
12177973,
32979934,
15006046,
5363635,
21942675,
28107382,
28673685,
5519016,
17780006,
17020868,
9652634,
25671811,
1234413,
5512311,
8989837,
2275061,
31879740,
32139418,
17833048,
28358228,
17315305,
32913979,
26409205,
9746116,
1968043,
32495319,
28119658,
15928280,
1696397,
4032818,
33596646,
25174860,
8052950,
11295312,
22416737,
6776757,
24542570,
5309169,
16544884,
23304180,
7964477,
6698991,
20035464,
28430057,
1088565,
30565845,
24220921,
17417724,
8698113,
24668276,
2784706,
5953046,
29062891,
4655920,
13525109,
18273209,
14442609,
28943116,
32018538,
27645627,
19904979,
26361374,
10522180,
22388305,
27445425,
11576157,
15943728,
15653869,
9405745,
17153431,
14263549,
17397361,
13768966,
13499358,
5722483,
13691110,
17929776,
29125114,
25947781,
26656211,
28740939,
27629965,
25997122,
13715571,
1256650,
9591560,
1486107,
5525179,
7291399,
31031173,
21344144,
17348677,
7755948,
31983395,
27199525,
28516961,
6967814,
28790325,
19651379,
27337700,
32411284,
8020375,
21906285,
27756351,
1198299,
11750566,
21101373,
4545910,
15650158,
29906687,
29095317,
33273337,
1438180,
22868556,
30644181,
22828144,
6722665,
21966589,
2213140,
5237584,
27744883,
14210683,
7683369,
14989205,
23363913,
33034333,
22122216,
12217592,
33113690,
17228899,
9862512,
4412460,
2360181,
2726807,
3257173,
24550152,
6951303,
17684952,
1831882,
847594,
3990082,
30288415,
590464,
7452924,
33022847,
12987131,
19624352,
32244873,
26865742,
29053781,
34049496,
19657300,
24007560,
27500856,
32114048,
19002324,
21229575,
22823178,
29871363,
19912022,
9017243,
20452116,
19002858,
16105622,
20546736,
1648263,
17529063,
2220079,
25291018,
13531194,
9748299,
24699216,
9769360,
7735539,
25103458,
32724793,
33051652,
26578616,
16663514,
1689749,
29474101,
16715369,
7547491,
24782824,
3877728,
12969440,
30583985,
25765034,
26980978,
22918418,
9434126,
9893723,
17949795,
33568521,
27855868,
25303737,
10725633,
29617567,
15740737,
15803205,
14865060,
23305718,
25583271,
13644041,
18332320,
12114516,
20248219,
1017258,
7359944,
23602840,
27527607,
1759679,
4847354,
20208166,
17861145,
3336178,
21359000,
5935395,
8237308,
8823223,
33051315,
4524580,
28770573,
16609774,
31312263,
19266831,
10764240,
13853412,
27592921,
4636779,
27042335,
25240204,
32251468,
19609500,
27848827,
11661591,
12403130,
25497983,
6322954,
2207981,
32910868,
30703649,
29222213,
2055518,
4205659,
15240151,
12496058,
13378976,
946918,
23053539,
18408112,
25160050,
1502271,
29841180,
30765350,
32922764,
33475937,
19839459,
12700055,
23253757,
12082865,
6789638,
22322638,
32898469,
24643734,
17064184,
22154100,
33162630,
22623359,
24748084,
9613835,
6661652,
10840947,
8155312,
16622639,
19128046,
19765687,
11858745,
33292169,
31517528,
16338553,
19344703,
25759829,
11983630,
13845195,
27772082,
21541164,
17429698,
8742110,
1625542,
797081,
11990097,
8038800,
23598732,
19067876,
32124812,
27445186,
17212277,
32692098,
25489523,
19432061,
27386862,
29987215,
3032163,
31773344,
6934795,
32217057,
9047603,
25068679,
7971953,
14942762,
20512375,
3002610,
6021117,
27442079,
2990703,
31962637,
32214422,
17258991,
33182807,
29595467,
10670265,
33134488,
21089575,
26348841,
8196268,
30908371,
24692496,
27746083,
22901135,
23086791,
17959598,
9876611,
32387203,
11477779,
16902271,
29667829,
14445877,
619544,
17601863,
653043,
1891713,
30601724,
7410487,
14323664,
7086502,
21793716,
30741882,
14046705,
22027621,
215767,
13877924,
1350399,
25725028,
14973648,
6243549,
4655994,
5176942,
29685239,
441586,
3024051,
21481405,
17337780,
21884154,
1554371,
26254544,
8065987,
21577975,
10712673,
33927216,
31301564,
31426069,
898215,
20757228,
4668900,
33921970,
32464109,
22942300,
16430848,
32090765,
28906953,
7012762,
4487538,
33187644,
30596748,
24590932,
7584432,
9993738,
12793253,
1483917,
2054520,
10540810,
15617930,
4994314,
24734726,
34003980,
10712525,
22850763,
30255243,
15351509,
5815687,
15741950,
24760552,
33520038,
1035713,
309009,
15553759,
25431444,
6158976,
15971117,
17293073,
32078714,
33343920,
23806798,
33247990,
26653962,
1686021,
20005823,
8707313,
20266697,
14366928,
29715244,
32766914,
20272371,
7855068,
33208107,
21961712,
26898843,
3557261,
9214767,
20780928,
16273466,
2437388,
2244749,
3535869,
33307135,
15370219,
3993941,
7573865,
13233311,
32766817,
19608498,
23597827,
32145192,
8310210,
22079475,
19632429,
26824968,
6684965,
29530961,
33906201,
28543157,
13236228,
31411363,
25420299,
18317321,
15734152,
7538351,
30989442,
27639540,
23444864,
17215266,
13224473,
8935502,
20749017,
8768300,
14058699,
6911016,
17899592,
33063686,
31794794,
2433037,
15596948,
9604536,
24405826,
24276272,
9397501,
14048348,
3345683,
18028146,
29383185,
16710972,
1108642,
19431594,
10011157,
8891586,
18603953,
24325466,
31805834,
32980836,
20290266,
12467998,
32993914,
422872,
6133619,
8989728,
13114701,
4185025,
661390,
8935237,
23960428,
16473033,
16050868,
9170904,
4285339,
30508365,
26568984,
28149653,
19264571,
12785460,
8722494,
29990894,
25367347,
10198770,
249484,
6733694,
6863382,
33534791,
10516906,
24647295,
29322830,
12887651,
23203932,
33219779,
22079974,
4541736,
7242543,
21185496,
14075276,
28297453,
22099732,
12067389,
2427621,
9250479,
9092665,
496894,
21539650,
2304605,
31482261,
3383767,
28468452,
18231838,
28937683,
30438931,
6713229,
810067,
31941183,
27810389,
15013903,
32319523,
13961474,
17626549,
29383757,
33154410,
4832655,
33399738,
10373550,
9312218,
28946467,
20787707,
7728526,
31184749,
28597467,
22314740,
14741007,
199949,
3770929,
9778644,
8793617,
19292204,
16945235,
24700885,
26512358,
32173386,
30908607,
24233191,
21001141,
14554275,
20699784,
30989569,
32806354,
24546941,
7858493,
22543419,
7903854,
27686539,
10524380,
2163246,
2585106,
2260655,
24167290,
22661837,
15737369,
27460305,
14988613,
3304183,
21496220,
7796419,
1203413,
29753858,
16476660,
30635623,
18924768,
25180053,
21615803,
22369698,
27544568,
26259065,
5124458,
23427791,
4465817,
6350848,
13956286,
3916005,
7495830,
34011422,
27047380,
8960118,
29182499,
26079687,
28314158,
8126384,
6627847,
19951264,
18258097,
8566545,
24711130,
11058899,
27493117,
9560673,
23037977,
7729141,
34072215,
17542391,
1112558,
8759286,
19283069,
18384841,
274966,
21107074,
8841906,
33228606,
19412525,
18895152,
14568555,
526045,
27584814,
833130,
31952960,
22986725,
31480767,
16920498,
18159961,
21064078,
6032491,
32837453,
2453443,
1011359,
15263338,
4030012,
28259292,
31121566,
31089221,
28231227,
33576199,
17611183,
32858067,
17646290,
1540344,
13516760,
4304681,
23338772,
3433861,
30389221,
1948686,
25115725,
28420771,
25233206,
3876157,
18386758,
31377302,
22673666,
30126975,
10774038,
9829528,
480459,
19689758,
2793962,
24875917,
4795441,
10697158,
139876,
3825430,
27214867,
109464,
2773805,
15055762,
9234540,
1445069,
748044,
21574337,
29104355,
6440584,
4690616,
4246194,
5018174,
30338585,
11239167,
17916909,
11388133,
6677435,
17126466,
16898384,
25212046,
23610021,
29495844,
886270,
8283968,
4590711,
9976235,
27283224,
21485110,
9421923,
31066323,
28280257,
16778557,
31557876,
31843936,
2411063,
29716879,
5943101,
18775350,
1440304,
26143857,
6824212,
26712133,
7325637,
19284064,
5606981,
21044236,
5437560,
19572546,
30565081,
6229377,
29440575,
3108451,
1383282,
26263277,
22874176,
21955628,
26589597,
10230256,
26167348,
8685598,
6098355,
24486557,
10259332,
30484553,
31593559,
24108208,
24956553,
16611043,
13926503,
25910307,
16098852,
7232127,
12529495,
19573054,
13943341,
33792536,
12378583,
8391111,
17787501,
16333001,
4611982,
17302622,
9559491,
4688669,
13448253,
30008853,
16556546,
29021103,
19566446,
26897803,
8259709,
17891355,
19497814,
13447013,
10522610,
33870007,
16662861,
11416455,
10360249,
17519980,
22100813,
10272198,
31096165,
22038202,
23626240,
26565005,
9965340,
19768205,
33819902,
17513489,
12755186,
6641700,
23142414,
20668256,
21801724,
19926782,
32716846,
18252422,
30496687,
9135995,
10116387,
13870025,
4917112,
14306351,
25533884,
19132299,
3291176,
2402212,
27298347,
31082146,
6162156,
31909521,
17644607,
17664038,
11893425,
26540402,
1565442,
3591713,
2819797,
16994934,
11597367,
3922378,
27684355,
6140158,
3914601,
30642269,
9756583,
15475017,
5610167,
25615125,
6775087,
22288511,
13121838,
11652966,
33485640,
16049296,
2784494,
27409536,
15758432,
6934521,
23586844,
6909416,
32394207,
8294043,
20690126,
29036191,
31955220,
30415718,
26269239,
24547163,
2495022,
18641203,
33595205,
21122585,
8430672,
13391642,
12864036,
1096702,
24499270,
21305647,
31561686,
10110217,
25995823,
13210942,
16918479,
20676544,
20662085,
16997569,
27123764,
19440285,
23992906,
16030280,
23875472,
4393557,
13393906,
6977924,
5342581,
18926873,
16713114,
22583863,
8219023,
32737047,
12103769,
23118374,
12912869,
8427177,
23335902,
8291098,
27589371,
15324332,
21292999,
1885679,
32320538,
6970837,
24214632,
20030840,
19460349,
7359876,
20910200,
19392140,
935698,
22331980,
16697021,
28070367,
13082131,
15712928,
26568385,
33794745,
23453177,
2773954,
6974892,
24238459,
8902908,
28931192,
15633491,
26287662,
19879082,
7438907,
11735904,
17604012,
9585212,
24587333,
22665589,
2256135,
7351864,
6111025,
29208584,
33309528,
17503850,
18682818,
32483962,
6740036,
30710078,
31711727,
16516313,
25913706,
5229949,
2605095,
21960527,
5722246,
29404527,
12071444,
18488908,
1315733,
561186,
6077665,
29226469,
24577499,
31718461,
23871236,
31986398,
12835896,
7784098,
17059904,
31382218,
27285559,
28210257,
17319598,
6937847,
30119815,
32460441,
10298468,
17144134,
23147785,
21127523,
20533437,
14444735,
12131799,
8025382,
7201294,
1806400,
26218968,
13384830,
16832429,
11442568,
24623427,
33252378,
8615068,
2983304,
8691936,
22187140,
29211920,
12697051,
21268029,
28920621,
443219,
20660913,
679641,
1973887,
10265964,
19247418,
31998489,
2790405,
25661835,
16064529,
16964406,
20402191,
15052451,
24701621,
27178134,
31262391,
19302519,
17810559,
1905797,
24192242,
21002781,
21819310,
16290706,
11479617,
31191934,
33531483,
30234598,
10990555,
32797919,
29767632,
30441692,
4954950,
2482567,
10921574,
21966234,
1263618,
13804838,
31739877,
31481588,
32829186,
30224461,
12171162,
32752117,
3324714,
17124367,
31623395,
5792757,
30395424,
31857429,
15954501,
23378361,
16678257,
22142704,
31187765,
8611894,
26471570,
6247490,
20169454,
30458142,
31591604,
14267733,
1031149,
11575068,
27016336,
29106993,
23231458,
5490546,
2485830,
13480101,
4330920,
28316088,
19840833,
4831189,
5865724,
19101959,
33164382,
10042085,
21053890,
20934508,
22117382,
7438143,
1104652,
12165485,
17521042,
22178072,
12309886,
17079774,
13244986,
18983025,
15932437,
26390488,
12111700,
22480841,
10384283,
16433180,
19125906,
20913831,
21033004,
30848290,
16462562,
4369634,
11217579,
28053879,
15440839,
30390275,
1120526,
8608208,
32301155,
24701857,
2770796,
19440038,
373709,
29409063,
6329295,
416457,
28264183,
30678227,
6705763,
28756004,
7980300,
22754404,
27534585,
17471789,
5778301,
14307286,
18086896,
30761899,
6558167,
23263265,
33939551,
2741043,
9561264,
33600301,
9222731,
25621941,
16982329,
19129421,
25372078,
33296935,
7390614,
27195286,
15293153,
8841281,
24858041,
33846164,
30399450,
15973452,
13563985,
31022101,
27910886,
4147490,
7961070,
29249706,
2442216,
25593768,
15209176,
17594845,
489272,
9196000,
3215530,
7026537,
21103810,
20242385,
33345898,
20518360,
3803127,
8392538,
13548853,
4924314,
20210662,
22876747,
27739286,
30536217,
29657097,
30236491,
30521512,
26527581,
19642159,
32801936,
20413958,
23006886,
19338671,
14103568,
27828873,
25791604,
4304831,
19212515,
30666074,
4562529,
16274943,
1920453,
10531287,
27632873,
15594097,
23380286,
18343155,
9487388,
7475384,
7349656,
23633059,
7981051,
23791723,
19121094,
16913620,
26138232,
8667215,
4172509,
33219959,
23479342,
1312437,
18001027,
11158256,
23944307,
24323625,
29325161,
8698127,
12806326,
23282522,
23539532,
3134516,
550943,
33911125,
4852365,
29071202,
19750317,
20010135,
26065390,
29293949,
29441504,
19284277,
11757008,
10115504,
2099234,
22627859,
30290039,
25584892,
21100609,
25708790,
27857438,
29032247,
4572252,
13511046,
3900743,
30092543,
12679504,
10701210,
31093583,
33445923,
10822347,
11020921,
4699551,
32767665,
11161420,
27567488,
8878476,
25482771,
25413797,
3042591,
31061835,
874056,
25333523,
18126159,
8258587,
29400571,
16151726,
13449399,
17324752,
10064933,
29817680,
30673662,
27308040,
20085930,
3000238,
13907352,
26045996,
463090,
6535127,
20600999,
30963006,
23169600,
29642302,
4488255,
21614909,
31822050,
30732206,
17954976,
32834558,
12307359,
27410118,
5631996,
28320221,
8106233,
21508173,
32598684,
22836393,
20574492,
23709707,
26923192,
15036163,
25219925,
28279235,
15410648,
22526355,
26249747,
28358068,
2501202,
21850571,
16764960,
22423561,
8921995,
2129328,
22443101,
26858521,
30467571,
16613262,
24003665,
11177244,
17625666,
25975153,
25638790,
32659372,
6508286,
15076961,
832941,
28729122,
10846604,
25897678,
23970273,
23229302,
18878592,
13804106,
26418548,
31855836,
29769386,
32455529,
167552,
19684535,
32985373,
23501082,
6008330,
17497331,
31279147,
22655779,
4591777,
15924305,
5732435,
11416355,
4018324,
31686891,
16954435,
7458721,
20258263,
11184030,
17633115,
15664656,
14389091,
18641208,
33960906,
4212336,
23353176,
2936715,
1630547,
8548770,
32908619,
29526438,
30554003,
1745306,
25543690,
20519327,
7666223,
30163059,
30768982,
8980621,
3513206,
27930213,
24145367,
31057500,
33132107,
26449594,
8670333,
25803382,
11349601,
17433534,
15405204,
3733646,
9988064,
12596417,
28894873,
25829255,
8698981,
4848854,
27855557,
3767926,
7458143,
32512051,
32347590,
30239002,
18123154,
27154737,
5211064,
25428945,
2364639,
18740400,
18243847,
33402357,
28517190,
30319056,
8079864,
26037039,
27960717,
16908329,
18076213,
9854519,
18822772,
26081226,
27876023,
25285639,
4492364,
22557386,
33913693,
9796136,
31647518,
6804624,
23840768,
31133545,
11353764,
20759831,
28732984,
444898,
30646705,
10142162,
23991227,
8490073,
19266717,
3897343,
33026220,
4874245,
24953778,
23711624,
16691053,
11451898,
3419395,
2505496,
22230366,
13917488,
15631197,
7472499,
32219079,
26119623,
31126028,
1926915,
8193793,
27275090,
10140342,
27223765,
603370,
8692112,
20604038,
26636257,
17543057,
19428945,
12815402,
32943542,
12825653,
20774536,
31746085,
13800411,
437970,
13323975,
19989364,
29118873,
5784405,
28897111,
24980333,
13676989,
7631999,
14858654,
15810839,
29432240,
30044434,
21360801,
23150784,
27351871,
12756866,
6433477,
22564096,
22524525,
30111873,
5465905,
17190015,
20908353,
26718498,
19211131,
31877126,
25568011,
16371942,
20927144,
26811188,
27360259,
1594138,
5472711,
20210065,
27006739,
8494707,
31094244,
8212852,
8574093,
23181557,
1245241,
15697568,
13602395,
21055993,
18399291,
16967297,
27943114,
9107231,
9544197,
17924633,
15934306,
27960476,
6222680,
27266763,
11825782,
23869226,
22698400,
19633600,
678043,
20215336,
6604835,
21652131,
27373564,
29006974,
23947828,
601469,
1673439,
32153020,
11172986,
12432469,
32840706,
32360118,
32271195,
3253304,
24720990,
24552732,
23911144,
30475149,
29704924,
22854986,
498441,
5505925,
26226673,
9937194,
24196459,
32844165,
2757930,
19175069,
27428578,
13632871,
14161565,
19435293,
22583055,
13851891,
5447093,
12557781,
9811425,
19952748,
17659388,
21122527,
32542418,
32805153,
32497263,
8295922,
23421509,
5718321,
27467791,
12213131,
19083770,
5114459,
1039555,
10614834,
26774091,
4783272,
34076133,
12537369,
10699786,
27136260,
20276445,
26160322,
201099,
1861036,
31712774,
8692650,
32993024,
30486522,
12493775,
23166760,
8989711,
28566406,
8988820,
22618999,
21442671,
14935163,
17543268,
19999391,
31435149,
17448829,
2991633,
8370368,
20949358,
4789830,
26872719,
6120699,
21793578,
7102943,
17168113,
7912730,
16793928,
15569277,
30679040,
18372912,
17529039,
32926879,
31008948,
13692884,
29492551,
1795143,
22936405,
10532191,
6808161,
19406229,
10143498,
24202333,
10220618,
8608864,
15195695,
25392542,
12721649,
18004871,
13497954,
23134711,
5322478,
6888683,
7951276,
13870476,
11487752,
18915212,
14436934,
16437664,
28573097,
3379651,
30630650,
28781317,
23468613,
2037335,
20057289,
1260683,
31211510,
18576607,
17271923,
10414984,
9238298,
29815803,
28044939,
26390307,
32086401,
30179870,
12974387,
24866780,
10885566,
32084941,
9553602,
12007382,
23811037,
28550585,
731405,
12376444,
29270160,
5562071,
842988,
14229356,
15482630,
26433764,
20424175,
27075330,
26990264,
6269782,
13062081,
4953922,
3242866,
13801768,
25478396,
18992264,
21937185,
18692837,
6964948,
25674976,
9435705,
25859541,
26495724,
12533314,
8251151,
26711964,
378350,
3667631,
23199565,
17535666,
29663330,
12632901,
24545501,
31615007,
29502552,
15880384,
32156087,
15598895,
18048723,
18282959,
10211363,
11961608,
19892270,
958369,
4602394,
22314447,
22408246,
7232350,
2971615,
21477915,
24484580,
13740391,
4486861,
33025921,
19506025,
31455617,
28855610,
1949838,
27951829,
23680739,
28382641,
3615371,
11953946,
21971019,
31789996,
21798672,
8130799,
9830017,
10945948,
26908907,
493110,
3859258,
20413988,
18153270,
14332231,
12196644,
4735941,
15316181,
12496231,
1868402,
22609148,
27888742,
25800631,
20287264,
25874350,
21323516,
9783288,
1968051,
4057785,
4263722,
12491240,
24619570,
30292682,
14707165,
18170053,
8673386,
32513673,
211109,
19289125,
25209792,
6876128,
15289145,
15964092,
27992395,
20009612,
19529900,
32319076,
21943646,
18757077,
17848424,
26666735,
5957071,
15445981,
4457823,
500250,
15032234,
21697063,
18958390,
28618962,
18331918,
16382475,
6762739,
20691263,
25743842,
29046441,
15277657,
20909895,
24751340,
25427287,
21455775,
10640972,
27347153,
22583228,
14565522,
13156816,
23231985,
6423973,
20109704,
3557295,
26480778,
4949721,
27349254,
1521619,
18143574,
22423770,
20328042,
10192521,
13695071,
25350616,
3355363,
5656015,
23524779,
29871366,
21141487,
2453764,
33564370,
10893407,
1826224,
30384109,
33422338,
5352532,
27462641,
6289111,
17573400,
10456633,
3293943,
17961385,
30078460,
25263028,
2573895,
13666054,
7610415,
26319974,
25795977,
23231004,
16568015,
30690030,
3807531,
31507103,
5505661,
21846134,
4310500,
12981158,
5117222,
2274349,
21542396,
31252866,
9903521,
24134089,
20543096,
6841973,
13769914,
19722580,
5462375,
6252710,
8170768,
7034654,
3725498,
4354889,
32585243,
16349463,
3119712,
6343800,
21103073,
3704677,
3003995,
23154722,
9577530,
7289207,
18915638,
6674600,
32186718,
10885124,
28136367,
16147201,
1649962,
13418358,
25011667,
28651790,
10693734,
4738069,
32786349,
2481651,
31435308,
12868566,
21396691,
3135081,
29147853,
15968281,
33485757,
328342,
12144926,
27570670,
13304023,
15784880,
25405331,
31550100,
12638740,
16870071,
25130115,
2115746,
22400183,
11723400,
15841785,
17519957,
7981904,
25008725,
32790284,
15435447,
5428377,
30839929,
11995730,
8022696,
20808723,
24296382,
19363502,
16083567,
373313,
9139424,
5700370,
4580876,
8694895,
14858849,
593174,
7803010,
4360931,
32110798,
28705378,
4341748,
20144744,
4889832,
29966323,
1623326,
30378006,
4841511,
17175304,
4267275,
26730942,
19537587,
4679727,
17221001,
3936966,
9549142,
18008618,
21051339,
30112525,
31415112,
24129805,
23157883,
25824972,
19106827,
25426769,
4382755,
21642462,
2849732,
9440447,
33702308,
31302062,
9791648,
13866342,
7454387,
18650955,
1895790,
32820342,
27235150,
3965912,
18321291,
11412661,
3140950,
9502707,
27499179,
1251478,
13363936,
16054093,
12790656,
3982527,
5271616,
13755931,
23445113,
3720355,
21530757,
24193430,
30195028,
11737639,
6829140,
23324662,
16371579,
5552833,
24036371,
30099023,
13557633,
230271,
22933566,
866140,
25655976,
33794684,
14052409,
27283694,
17608897,
31166202,
31758007,
31539907,
19715014,
10927334,
20655841,
6681315,
11040865,
2237034,
25135997,
32665434,
27914536,
22150059,
15329215,
18505663,
31439286,
29815558,
26912594,
30183643,
28022108,
14541048,
19283842,
30010034,
18219409,
13364234,
20376346,
13582606,
22828264,
16224183,
4064118,
29453676,
21754835,
26843937,
28036379,
4765732,
19208008,
16347727,
23530035,
29465671,
21627380,
20211044,
30060928,
30128903,
5907225,
20825357,
26197998,
13467345,
13643174,
138464,
25547237,
30718920,
19252275,
892245,
15569432,
25690564,
12417626,
11701207,
10241071,
12891323,
6083752,
32993109,
28721112,
32880578,
9307644,
33225617,
19377781,
12941022,
11338910,
9958095,
26726035,
8181510,
10593726,
20554357,
26730099,
15104667,
26543207,
7117220,
29471773,
9047993,
16759010,
27678409,
25250638,
31640371,
22786660,
6032791,
27740529,
976828,
33163358,
26207493,
7239291,
5250284,
30373609,
27449511,
33386302,
28386421,
31754078,
26402731,
11096009,
29443955,
30491260,
6125700,
7014659,
11875924,
3356937,
28897147,
2884809,
3846153,
3311806,
25869770,
30447255,
11049013,
33803936,
7924237,
29780663,
9438068,
32979662,
10233711,
14504478,
20609116,
25190866,
4932847,
5526776,
21786593,
9414270,
23915811,
15046498,
24778589,
16409180,
14458225,
22511711,
20735979,
27164939,
28564354,
24028748,
5320878,
26492211,
4429014,
24033906,
8364784,
29347659,
32532604,
32893133,
10556050,
31706207,
1405209,
21516902,
25297802,
14013779,
5641152,
3201495,
18455392,
1184156,
8670785,
15794873,
9187365,
21921995,
2651865,
6049623,
1568977,
5200857,
19692721,
15509841,
2098983,
26160794,
940289,
2483754,
4225983,
25035545,
31192664,
26001242,
27720601,
646255,
5460190,
14235611,
9996519,
24423345,
543214,
22108682,
6605499,
621325,
16486418,
12739015,
13486338,
6915144,
7030061,
25575302,
8900558,
11544002,
14001753,
9214683,
21695453,
24035791,
28030828,
20528449,
28350334,
2091350,
679179,
27706750,
23599376,
11012971,
24102305,
14559923,
7297180,
31700378,
7402825,
14010082,
160299,
26741390,
2375202,
3178648,
25232105,
17449599,
2506990,
11212212,
33098253,
15685682,
19794404,
20965063,
23109479,
6203072,
10225248,
9995973,
18134629,
30498381,
1599822,
33027304,
4175051,
12335414,
31251229,
23966782,
31456023,
6232972,
6123440,
21785735,
13140029,
21829611,
21080625,
7817175,
32641827,
6450691,
4156596,
33631872,
31056063,
13492811,
14414829,
8223137,
29695836,
34044459,
6965512,
19735979,
19573952,
21522716,
3089264,
19686365,
18538943,
10056300,
8756557,
20573147,
716043,
11695862,
934442,
384471,
21365245,
32564130,
5495771,
15434766,
23136758,
12947427,
1351979,
21917187,
22526973,
12650916,
28820376,
5297801,
29794236,
12858842,
10842415,
11238925,
31244123,
23852212,
32700326,
12440864,
24465102,
32729715,
16869933,
9724719,
22251457,
18368630,
896597,
26346983,
22451020,
27230711,
19159828,
6745430,
9844333,
15839340,
32130494,
11245717,
7387828,
7312200,
17106221,
2246496,
2659346,
2554423,
20511681,
8460281,
10226264,
22558330,
15994191,
12557864,
10180799,
31816076,
7478822,
30112522,
1599026,
6611332,
22202396,
9914004,
20710296,
10796675,
21048050,
20948774,
7629252,
20828845,
31726004,
4055702,
24939099,
15924215,
27849385,
21186498,
20604430,
21800014,
9031592,
14509942,
2389379,
30449362,
2837451,
7150997,
8218301,
7820200,
12134058,
18814395,
4117038,
15904704,
31453487,
10181559,
17488993,
20028064,
25954099,
27278632,
27955891,
11799652,
4362654,
17398618,
33463002,
8013750,
30745800,
15330609,
29350422,
18420767,
17600375,
33582425,
9941699,
31708758,
18415509,
27135002,
15449101,
7346209,
26545455,
18144868,
7199605,
4701537,
17239343,
284026,
17097470,
30199715,
12831572,
24027366,
6618083,
4003774,
29342964,
14260797,
27204257,
30939780,
11440515,
16296204,
2424562,
23794415,
31506790,
21111926,
27657075,
4199913,
17664368,
14103357,
21974429,
14059339,
32852197,
1567641,
20357227,
12467383,
11591258,
30479476,
13425430,
32325924,
32062965,
24708398,
10552446,
29858745,
23325074,
13377276,
22072749,
31794139,
14829800,
5849739,
9738859,
32691302,
13120692,
18917230,
18941232,
20363634,
22371962,
1573636,
29586109,
15699127,
27710251,
29136856,
29550183,
23696649,
33343363,
32662056,
2815302,
3675134,
23287126,
15524771,
8752512,
588987,
17628242,
10785191,
33914911,
30972770,
23693900,
32687726,
21840250,
4796221,
30946355,
16356457,
11923521,
10941044,
14804779,
9338833,
3886928,
15539366,
30294021,
5841794,
468883,
23846737,
16108570,
32261785,
19409843,
